-- MySQL dump 10.13  Distrib 8.0.23, for Win64 (x86_64)
--
-- Host: localhost    Database: youtube
-- ------------------------------------------------------
-- Server version	8.0.23

/*!40101 SET @OLD_CHARACTER_SET_CLIENT=@@CHARACTER_SET_CLIENT */;
/*!40101 SET @OLD_CHARACTER_SET_RESULTS=@@CHARACTER_SET_RESULTS */;
/*!40101 SET @OLD_COLLATION_CONNECTION=@@COLLATION_CONNECTION */;
/*!50503 SET NAMES utf8mb4 */;
/*!40103 SET @OLD_TIME_ZONE=@@TIME_ZONE */;
/*!40103 SET TIME_ZONE='+00:00' */;
/*!40014 SET @OLD_UNIQUE_CHECKS=@@UNIQUE_CHECKS, UNIQUE_CHECKS=0 */;
/*!40014 SET @OLD_FOREIGN_KEY_CHECKS=@@FOREIGN_KEY_CHECKS, FOREIGN_KEY_CHECKS=0 */;
/*!40101 SET @OLD_SQL_MODE=@@SQL_MODE, SQL_MODE='NO_AUTO_VALUE_ON_ZERO' */;
/*!40111 SET @OLD_SQL_NOTES=@@SQL_NOTES, SQL_NOTES=0 */;

--
-- Table structure for table `channel_users`
--

DROP TABLE IF EXISTS `channel_users`;
/*!40101 SET @saved_cs_client     = @@character_set_client */;
/*!50503 SET character_set_client = utf8mb4 */;
CREATE TABLE `channel_users` (
  `channel_id` int unsigned NOT NULL,
  `user_id` int unsigned NOT NULL,
  `created_at` datetime DEFAULT CURRENT_TIMESTAMP,
  PRIMARY KEY (`channel_id`,`user_id`),
  KEY `user_id_users_id_fk` (`user_id`),
  CONSTRAINT `channel_id_channels_id_fk` FOREIGN KEY (`channel_id`) REFERENCES `channels` (`id`),
  CONSTRAINT `user_id_users_id_fk` FOREIGN KEY (`user_id`) REFERENCES `users` (`id`)
) ENGINE=InnoDB DEFAULT CHARSET=utf8mb4 COLLATE=utf8mb4_unicode_ci;
/*!40101 SET character_set_client = @saved_cs_client */;

--
-- Dumping data for table `channel_users`
--

LOCK TABLES `channel_users` WRITE;
/*!40000 ALTER TABLE `channel_users` DISABLE KEYS */;
INSERT INTO `channel_users` VALUES (1,1,'2016-11-06 08:57:04'),(1,21,'2011-10-27 11:29:55'),(1,41,'2020-05-29 04:29:28'),(1,61,'2019-11-07 11:08:01'),(1,81,'2011-03-30 01:05:11'),(2,2,'2020-08-12 10:48:37'),(2,22,'2013-06-14 09:25:07'),(2,42,'2016-08-27 04:43:13'),(2,62,'2019-08-27 14:59:07'),(2,82,'2018-10-09 08:01:47'),(3,3,'2013-10-13 06:05:24'),(3,23,'2015-03-19 12:52:52'),(3,43,'2012-08-22 21:12:44'),(3,63,'2018-01-17 12:09:38'),(3,83,'2020-02-07 00:44:50'),(4,4,'2018-11-29 12:52:00'),(4,24,'2011-03-24 04:36:00'),(4,44,'2017-04-19 18:10:50'),(4,64,'2018-06-15 22:33:22'),(4,84,'2012-08-18 20:15:48'),(5,5,'2018-10-18 13:55:29'),(5,25,'2020-02-05 06:38:42'),(5,45,'2020-08-11 10:53:04'),(5,65,'2016-11-20 10:58:14'),(5,85,'2015-06-06 22:00:50'),(6,6,'2011-08-09 05:35:12'),(6,26,'2015-04-29 18:22:43'),(6,46,'2014-02-06 07:39:47'),(6,66,'2020-04-28 07:30:42'),(6,86,'2013-03-17 21:26:27'),(7,7,'2015-05-16 03:42:05'),(7,27,'2012-05-25 13:09:13'),(7,47,'2013-01-16 06:14:27'),(7,67,'2012-12-28 14:47:02'),(7,87,'2017-09-01 08:43:00'),(8,8,'2012-12-08 15:45:20'),(8,28,'2020-02-08 07:46:57'),(8,48,'2014-03-28 04:15:31'),(8,68,'2011-11-23 15:27:54'),(8,88,'2016-05-31 15:25:10'),(9,9,'2016-10-21 14:22:13'),(9,29,'2015-01-08 11:16:37'),(9,49,'2017-12-22 09:03:26'),(9,69,'2018-10-02 14:41:00'),(9,89,'2020-03-03 22:30:20'),(10,10,'2015-10-26 15:14:54'),(10,30,'2016-10-19 18:29:47'),(10,50,'2014-04-30 20:55:11'),(10,70,'2019-12-02 02:45:43'),(10,90,'2016-11-16 10:08:05'),(11,11,'2012-11-27 19:04:01'),(11,31,'2012-02-14 03:05:16'),(11,51,'2015-01-06 12:47:44'),(11,71,'2017-02-21 01:56:09'),(11,91,'2012-06-09 11:22:05'),(12,12,'2017-04-14 02:56:45'),(12,32,'2012-12-01 17:45:12'),(12,52,'2013-02-04 21:45:16'),(12,72,'2016-03-12 23:41:11'),(12,92,'2018-07-04 00:47:23'),(13,13,'2012-11-28 20:57:39'),(13,33,'2011-10-19 04:03:57'),(13,53,'2013-11-24 17:17:25'),(13,73,'2019-10-14 06:08:20'),(13,93,'2015-01-30 17:45:23'),(14,14,'2017-08-22 21:11:06'),(14,34,'2018-12-22 18:57:52'),(14,54,'2012-05-27 08:05:31'),(14,74,'2017-02-13 06:44:36'),(14,94,'2018-10-12 03:21:12'),(15,15,'2017-08-17 04:25:15'),(15,35,'2013-07-21 20:34:05'),(15,55,'2013-04-03 05:23:38'),(15,75,'2019-05-31 11:46:01'),(15,95,'2014-11-09 22:56:09'),(16,16,'2016-11-24 00:53:36'),(16,36,'2011-12-10 07:57:29'),(16,56,'2012-09-03 03:20:35'),(16,76,'2019-01-07 23:35:55'),(16,96,'2021-03-08 15:42:52'),(17,17,'2015-05-17 18:12:56'),(17,37,'2019-12-16 06:42:12'),(17,57,'2015-03-14 19:30:24'),(17,77,'2018-06-22 00:28:58'),(17,97,'2012-07-05 17:55:51'),(18,18,'2020-01-20 05:49:51'),(18,38,'2011-06-08 12:31:30'),(18,58,'2012-06-30 21:01:40'),(18,78,'2014-08-14 04:43:24'),(18,98,'2017-09-30 01:05:03'),(19,19,'2018-09-02 10:48:26'),(19,39,'2017-01-01 16:47:05'),(19,59,'2019-02-23 11:59:29'),(19,79,'2015-12-29 12:35:58'),(19,99,'2014-09-21 07:55:00'),(20,20,'2016-11-12 05:33:51'),(20,40,'2012-02-09 15:30:09'),(20,60,'2011-07-02 04:06:10'),(20,80,'2011-11-27 08:18:41'),(20,100,'2016-03-09 03:25:25');
/*!40000 ALTER TABLE `channel_users` ENABLE KEYS */;
UNLOCK TABLES;

--
-- Table structure for table `channels`
--

DROP TABLE IF EXISTS `channels`;
/*!40101 SET @saved_cs_client     = @@character_set_client */;
/*!50503 SET character_set_client = utf8mb4 */;
CREATE TABLE `channels` (
  `id` int unsigned NOT NULL AUTO_INCREMENT,
  `owner_id` int unsigned NOT NULL,
  `name` varchar(150) CHARACTER SET utf8mb4 COLLATE utf8mb4_unicode_ci NOT NULL,
  `created_at` datetime DEFAULT CURRENT_TIMESTAMP,
  `updated_at` datetime DEFAULT CURRENT_TIMESTAMP ON UPDATE CURRENT_TIMESTAMP,
  PRIMARY KEY (`id`),
  UNIQUE KEY `name` (`name`)
) ENGINE=InnoDB AUTO_INCREMENT=21 DEFAULT CHARSET=utf8mb4 COLLATE=utf8mb4_unicode_ci COMMENT='??????';
/*!40101 SET character_set_client = @saved_cs_client */;

--
-- Dumping data for table `channels`
--

LOCK TABLES `channels` WRITE;
/*!40000 ALTER TABLE `channels` DISABLE KEYS */;
INSERT INTO `channels` VALUES (1,4,'minima','2015-09-29 11:28:18','2016-12-01 01:19:37'),(2,16,'eum','2020-07-22 00:34:41','2020-10-22 09:53:15'),(3,78,'dolorem','2015-05-01 00:01:39','2021-03-21 13:52:01'),(4,89,'quidem','2016-10-10 14:27:19','2019-02-20 03:11:22'),(5,71,'quibusdam','2016-06-04 19:01:55','2021-03-21 13:52:01'),(6,64,'porro','2014-08-10 19:13:29','2021-03-21 13:52:01'),(7,80,'tempora','2014-05-17 10:52:38','2021-01-04 07:40:47'),(8,59,'debitis','2015-01-13 19:12:04','2021-03-21 13:52:01'),(9,11,'qui','2020-03-09 15:58:20','2021-03-21 13:52:01'),(10,18,'culpa','2020-02-29 05:54:29','2021-03-21 13:52:01'),(11,45,'quasi','2020-11-05 15:58:58','2021-03-21 13:52:01'),(12,54,'incidunt','2012-08-07 17:13:03','2013-03-03 04:55:27'),(13,66,'rerum','2017-08-05 06:24:39','2021-03-21 13:52:01'),(14,21,'cupiditate','2016-04-16 03:11:22','2021-03-21 13:52:01'),(15,80,'et','2019-09-26 17:35:55','2021-03-21 13:52:01'),(16,45,'corporis','2013-08-20 09:44:44','2014-02-13 01:20:30'),(17,54,'ut','2012-01-08 04:14:04','2013-11-04 03:30:51'),(18,2,'quis','2016-01-16 23:10:44','2021-03-21 13:52:01'),(19,24,'recusandae','2012-07-17 10:23:02','2016-07-24 23:13:37'),(20,61,'esse','2019-06-07 09:31:23','2020-01-31 08:02:55');
/*!40000 ALTER TABLE `channels` ENABLE KEYS */;
UNLOCK TABLES;

--
-- Temporary view structure for view `channels_video_posts`
--

DROP TABLE IF EXISTS `channels_video_posts`;
/*!50001 DROP VIEW IF EXISTS `channels_video_posts`*/;
SET @saved_cs_client     = @@character_set_client;
/*!50503 SET character_set_client = utf8mb4 */;
/*!50001 CREATE VIEW `channels_video_posts` AS SELECT 
 1 AS `channel_name`,
 1 AS `json`,
 1 AS `sub`,
 1 AS `qualities`*/;
SET character_set_client = @saved_cs_client;

--
-- Temporary view structure for view `channels_video_posts_subtitles_quality`
--

DROP TABLE IF EXISTS `channels_video_posts_subtitles_quality`;
/*!50001 DROP VIEW IF EXISTS `channels_video_posts_subtitles_quality`*/;
SET @saved_cs_client     = @@character_set_client;
/*!50503 SET character_set_client = utf8mb4 */;
/*!50001 CREATE VIEW `channels_video_posts_subtitles_quality` AS SELECT 
 1 AS `channel_name`,
 1 AS `link`,
 1 AS `sub`,
 1 AS `qualities`*/;
SET character_set_client = @saved_cs_client;

--
-- Temporary view structure for view `channels_video_posts_video_qualities_video_subtitles`
--

DROP TABLE IF EXISTS `channels_video_posts_video_qualities_video_subtitles`;
/*!50001 DROP VIEW IF EXISTS `channels_video_posts_video_qualities_video_subtitles`*/;
SET @saved_cs_client     = @@character_set_client;
/*!50503 SET character_set_client = utf8mb4 */;
/*!50001 CREATE VIEW `channels_video_posts_video_qualities_video_subtitles` AS SELECT 
 1 AS `channel_name`,
 1 AS `json`,
 1 AS `sign`,
 1 AS `sub`,
 1 AS `qualities`*/;
SET character_set_client = @saved_cs_client;

--
-- Table structure for table `comments`
--

DROP TABLE IF EXISTS `comments`;
/*!40101 SET @saved_cs_client     = @@character_set_client */;
/*!50503 SET character_set_client = utf8mb4 */;
CREATE TABLE `comments` (
  `id` int unsigned NOT NULL AUTO_INCREMENT,
  `from_user_id` int unsigned NOT NULL,
  `target_id` int unsigned NOT NULL,
  `target_comment_id` int unsigned NOT NULL,
  `body` text CHARACTER SET utf8mb4 COLLATE utf8mb4_unicode_ci NOT NULL,
  `created_at` datetime DEFAULT CURRENT_TIMESTAMP,
  PRIMARY KEY (`id`),
  KEY `comments_from_user_id_user_id_fk` (`from_user_id`),
  CONSTRAINT `comments_from_user_id_user_id_fk` FOREIGN KEY (`from_user_id`) REFERENCES `users` (`id`)
) ENGINE=InnoDB AUTO_INCREMENT=201 DEFAULT CHARSET=utf8mb4 COLLATE=utf8mb4_unicode_ci;
/*!40101 SET character_set_client = @saved_cs_client */;

--
-- Dumping data for table `comments`
--

LOCK TABLES `comments` WRITE;
/*!40000 ALTER TABLE `comments` DISABLE KEYS */;
INSERT INTO `comments` VALUES (101,1,87,1,'Non quae architecto impedit. Et blanditiis sint ut qui similique consequatur numquam quia.','2011-10-29 03:14:55'),(102,2,37,2,'Eos quo nobis magnam ut qui aut nostrum. Adipisci libero magnam voluptatum id. Eveniet eos deleniti ex aut minus temporibus omnis minus. Vero qui dolorum nemo minima maxime enim. Et nobis voluptatem consectetur doloremque ipsam.','2012-06-02 16:09:19'),(103,3,57,1,'Sit perferendis minus officia sit quos deserunt. Fugit veritatis enim quibusdam voluptatum qui quos. Sequi rem odit est quas ut quae. Molestiae laudantium nemo et.','2015-03-10 06:12:43'),(104,4,36,2,'Quis est voluptatibus et quia hic. Distinctio a magni nihil animi rerum quia. Et cum porro maiores recusandae.','2021-02-02 01:16:04'),(105,5,50,1,'Quam dolore similique cumque aliquam qui et dolores. Facilis voluptas dolor eos error reprehenderit qui. Porro deserunt quo et commodi facere doloribus.','2019-09-15 03:25:02'),(106,6,84,2,'Et incidunt excepturi aut suscipit id. Aut blanditiis neque dolorem similique est modi. Odit voluptatem ea repellat numquam sit in sunt. Magnam sunt sunt saepe neque cupiditate quam recusandae velit. Autem vero aut sunt quis rerum maiores.','2016-10-28 04:34:10'),(107,7,55,1,'Saepe non qui ipsa blanditiis. Autem unde veniam voluptatem autem quas quia aspernatur. Velit laboriosam dolorum laudantium vero. Enim praesentium error accusamus omnis illo.','2017-08-20 12:42:32'),(108,8,66,2,'In nemo iusto quis ducimus omnis nostrum. Et eum dolores nihil soluta praesentium ut. Odio explicabo cumque dolorem saepe consequatur vero facilis facilis.','2012-09-09 14:04:44'),(109,9,98,1,'Et omnis doloremque veritatis odio corrupti libero quae blanditiis. Magnam dolores est neque sit quia et. Minima dolores hic eos officia veritatis quo dicta. Rerum officia ipsa ut.','2019-10-21 15:03:15'),(110,10,89,2,'Temporibus hic et consequuntur magnam suscipit nostrum. Delectus dolorem molestias perspiciatis voluptatem facilis. Eos nesciunt ut adipisci dolorem laborum sit. Quod molestiae distinctio et alias eum.','2020-08-25 16:55:23'),(111,11,86,1,'Ut distinctio sit corrupti. Voluptatem dolorem possimus id tempore sed rerum fuga. Fugiat quidem rerum aut libero. Eveniet deserunt molestias pariatur.','2015-01-13 08:03:15'),(112,12,77,2,'Fugit ratione distinctio voluptatem eligendi. Neque ullam sed reprehenderit et quia aut.','2018-12-01 11:02:53'),(113,13,70,1,'Assumenda non unde ab saepe possimus veniam. Tempora dignissimos quam non. Officiis et ut maxime modi.','2013-06-23 20:55:52'),(114,14,2,2,'Eum iusto voluptate aliquid debitis consequatur dolores quas. Est qui corrupti placeat aut voluptates dolorum sunt. Dicta vel id et doloremque dignissimos libero. Qui non sit corrupti enim consequatur sed.','2019-05-16 07:28:41'),(115,15,98,1,'Corrupti saepe facere reiciendis enim et consequatur quia. Non veritatis accusamus aut alias illum impedit numquam. Ut aut sit debitis suscipit placeat modi nihil. Perspiciatis quo voluptas nobis nobis est omnis sit quia.','2015-03-29 05:50:44'),(116,16,57,2,'Sit laudantium rem nesciunt cum quod. Praesentium ab quia laudantium est enim doloremque. Dolores vel qui iusto et. Tempore voluptatum voluptatum cum consequatur consequatur dolor. Fugit nihil quisquam quidem est qui.','2017-02-25 14:03:54'),(117,17,22,1,'Molestiae ipsum omnis ut consequuntur et non. Minima est dolor corrupti eligendi voluptas sed. Sed ratione enim quod nihil molestiae dolore voluptate. Laboriosam enim sequi dolores.','2012-08-26 16:27:45'),(118,18,8,2,'Sunt veniam rerum nam quo quas cum facilis. Aut quo sit quis perspiciatis itaque. Earum iure minima sapiente culpa ducimus.','2014-01-10 10:13:24'),(119,19,50,1,'Explicabo est et nihil ipsa sit. Et ut qui quia ut ad. Eos dolorum tenetur iusto inventore dolorum reiciendis. Odio quam temporibus enim earum voluptas corrupti error cum.','2011-05-06 00:43:11'),(120,20,66,2,'Sed fuga asperiores nostrum fuga ratione excepturi consectetur. Mollitia officiis nam unde maxime. Ex corrupti aut ea earum.','2020-08-30 13:45:35'),(121,21,60,1,'Deserunt possimus modi perferendis fugiat at et vero. Dolores voluptatem dolores saepe nulla asperiores quisquam. Earum repellat voluptatum quaerat. Atque qui voluptas est. Dolorum voluptatibus delectus voluptatem sunt eveniet vero.','2021-03-20 11:34:06'),(122,22,9,2,'Et quod quasi ratione vitae. Quo nulla ut eius nemo quia eum voluptatem. Unde qui recusandae quis reiciendis amet veritatis ad.','2018-01-15 04:19:15'),(123,23,26,1,'Amet illo quibusdam libero perferendis qui. Numquam vero est laboriosam numquam possimus eos id. Iusto eveniet et corrupti est deserunt debitis consequuntur a.','2011-05-09 07:31:45'),(124,24,3,2,'Sed dolorem ipsa consequatur illum est omnis. Unde accusantium laboriosam tenetur. Quaerat cum repudiandae eum quod eligendi laboriosam minima qui. Voluptates quidem inventore accusantium ipsum et ipsam repellendus.','2019-09-23 09:25:57'),(125,25,20,1,'Alias modi dolore at consectetur. Est soluta ut qui consequuntur eum nam. Qui deserunt nostrum perferendis qui modi.','2015-08-15 20:37:59'),(126,26,28,2,'Eos modi quia debitis ad eos et. Id quia soluta consequatur perferendis magni adipisci. Et corporis quia maiores dolorum quaerat nobis quo. Voluptas excepturi in labore numquam velit minima omnis veritatis.','2018-05-17 01:05:34'),(127,27,9,1,'Molestiae error cum nihil vitae. Ipsa nemo ut quibusdam sapiente dolorem laudantium quae. Ipsam maxime ratione non repellendus doloribus dolores reiciendis. Non minima vel et consequatur.','2017-02-10 10:54:14'),(128,28,94,2,'Voluptas quis labore sapiente sed in. Nulla dolor dolorem libero ut quisquam fuga quia. Dolor aliquid voluptatem rerum praesentium aspernatur.','2020-09-13 10:33:19'),(129,29,95,1,'Molestias animi dolorem dolorem tenetur sunt facere eaque. Dolores consectetur vero velit fugiat hic aut. Veritatis eaque recusandae molestiae et illo praesentium voluptatem.','2015-09-04 20:56:05'),(130,30,31,2,'Nihil voluptates aut autem expedita blanditiis porro minus. Maxime illo aut dolores cumque et. Officia perspiciatis sed deserunt nemo sed voluptatibus. Non ab commodi porro earum eveniet aut.','2020-10-20 22:45:55'),(131,31,29,1,'Nihil officiis sunt quo enim soluta cum. Veritatis officiis sed recusandae assumenda repellat. Nulla consequuntur explicabo facilis perspiciatis necessitatibus quas et.','2016-06-23 20:38:58'),(132,32,61,2,'Autem repellat eum cum quae. Illo rerum et esse qui. Voluptatem explicabo totam unde dolor est. Sapiente velit sit deserunt.','2014-08-23 17:54:38'),(133,33,51,1,'Dolore ut aperiam voluptate autem. Earum doloribus ut tempora ratione fugit velit molestias. Quidem sequi cumque ea vitae autem. Est et repudiandae consequatur est qui dolores.','2011-03-30 10:32:20'),(134,34,2,2,'Autem dolore delectus ipsa nam nemo illo. Sequi temporibus cupiditate voluptas saepe totam voluptatem. Beatae quo vero cumque ad ipsam est.','2015-11-12 11:00:29'),(135,35,68,1,'Officiis fugit enim sit et totam cum. Nihil odio consequatur voluptates. Omnis sit nemo nisi incidunt.','2013-06-15 16:17:04'),(136,36,66,2,'Omnis magni reiciendis quam quae mollitia nihil sed. Vel molestias sed temporibus rem totam quia. Veniam cumque accusantium quod velit velit.','2020-02-27 16:52:32'),(137,37,30,1,'Corrupti fuga tempora eos molestiae sed eveniet voluptas ullam. Culpa ut dicta quas. Non laudantium voluptatem voluptatem voluptatibus doloremque quos culpa aut.','2015-02-02 05:37:37'),(138,38,78,2,'Sint in tempora neque. Occaecati consequatur esse perspiciatis. Et totam sed in et.','2016-04-18 23:43:41'),(139,39,53,1,'Commodi ut ipsam qui rem labore occaecati magni qui. Nobis suscipit voluptatibus porro repellat tempore voluptatibus ea est. Dolore optio rerum voluptatibus dolorum esse assumenda. Quia natus ratione aliquid in voluptas praesentium at.','2019-04-11 22:20:52'),(140,40,55,2,'Velit voluptatibus voluptas laudantium voluptatem non commodi. Officiis hic iure eveniet eos et. Porro quia fugiat itaque ullam.','2011-06-11 08:23:12'),(141,41,81,1,'Quaerat ut asperiores ipsa autem ut natus. Necessitatibus optio et saepe molestiae error culpa aut nihil. A ea molestiae sunt et.','2016-11-06 07:15:09'),(142,42,52,2,'Vel distinctio ipsa quia cupiditate autem ad consequatur. Qui cum repellendus aut reprehenderit. Aut voluptatem perspiciatis ut qui dicta numquam qui.','2016-10-12 13:10:24'),(143,43,16,1,'Eos molestiae ut est cum. Voluptatem repellat aut sed nemo facilis qui atque. Velit vel rerum totam aut aperiam veniam impedit. Blanditiis laudantium et sequi magnam voluptatibus dolor aut.','2013-04-02 22:54:47'),(144,44,50,2,'Perspiciatis possimus aliquid odit ut. Consequuntur quisquam rerum et pariatur.','2021-02-12 03:19:34'),(145,45,77,1,'Error molestiae quas modi eligendi et hic. Vero et eos placeat rerum aliquam dolores dolorem. Rerum eius quam pariatur id commodi libero.','2017-12-27 18:57:17'),(146,46,21,2,'Ut odit facere magni quia eum ea dolorem. Et cum eius exercitationem sint veniam rerum expedita. Sunt neque alias ea ut eos aperiam iste. Placeat sint sunt veniam.','2011-12-21 14:08:18'),(147,47,13,1,'Impedit quaerat dolores delectus incidunt consequuntur. Dolorum tempore ea necessitatibus illo ut. Omnis in nemo et sint aut.','2017-11-26 21:12:12'),(148,48,94,2,'Quia voluptate non sint sapiente sunt hic inventore. Et pariatur dolores labore omnis laudantium. Voluptate quam qui perspiciatis in minima omnis repellendus. Voluptas delectus a aspernatur similique nihil. Quisquam quod consequatur iure quo odit voluptatem vel.','2015-10-18 20:26:35'),(149,49,22,1,'Exercitationem qui quidem corporis sit exercitationem autem adipisci magnam. Impedit quos suscipit nihil quis quibusdam laboriosam.','2014-12-13 22:09:34'),(150,50,56,2,'Facilis et asperiores et molestiae. Ea officiis nostrum non ratione voluptatem quibusdam necessitatibus. Et ipsam nam sed voluptas sit reprehenderit ut.','2012-12-20 13:33:29'),(151,51,36,1,'Voluptas quasi cupiditate quasi assumenda commodi. Alias quia quaerat perspiciatis est provident animi rerum. Dolorum repudiandae in laborum rerum maxime occaecati eum unde. Alias quibusdam magnam ex praesentium perspiciatis ducimus sapiente.','2014-04-15 08:55:43'),(152,52,74,2,'Eveniet laboriosam numquam maiores quaerat eum et ut. Numquam eius vero consequatur unde et error voluptatem. Sapiente quis voluptate est.','2017-07-07 16:32:30'),(153,53,84,1,'Molestiae ex explicabo consequatur quo quis voluptates dolor. Voluptatem sit voluptates eos dolor optio ab natus. Expedita in amet hic cupiditate.','2016-10-12 14:03:26'),(154,54,6,2,'Et voluptatibus voluptate nobis velit molestiae rerum totam. Ad sint molestiae voluptas perferendis ut. Error dolor est fugit enim. Et eligendi quis magnam nemo non deserunt.','2014-06-25 15:17:56'),(155,55,54,1,'Alias accusamus nihil voluptatibus a magni. Enim perspiciatis ab perferendis provident eos culpa. Et sapiente ut magnam laborum deserunt maxime.','2017-09-21 20:26:00'),(156,56,89,2,'Aut qui dignissimos libero assumenda. Et eum perferendis maiores aut voluptatum velit nulla. Quae sint laboriosam cupiditate enim sit.','2014-03-19 18:08:20'),(157,57,61,1,'Ad sed officia nihil quidem rerum ut. Aut id accusamus repellendus aut laborum. Ut tenetur sint nihil officia aut. Doloremque modi et quaerat fuga inventore rem.','2017-10-03 13:12:01'),(158,58,49,2,'Assumenda et ut ipsum aliquid neque in quas fuga. Fugiat aut rem saepe ex sed quibusdam. Eum eveniet et delectus aut alias nulla ipsum.','2015-06-26 01:16:07'),(159,59,24,1,'Quod ipsum reiciendis reiciendis quia. Ea voluptates quis eos. Laborum similique architecto iure aperiam rem. Exercitationem voluptatem optio quia totam.','2017-08-08 12:28:03'),(160,60,89,2,'Eveniet dolore et incidunt rerum eos voluptate. Excepturi distinctio dolore quo. Esse ut qui quia autem nobis aliquid. Id ipsa sed et nobis similique quod rem sed.','2012-09-10 07:28:23'),(161,61,64,1,'Rerum et numquam placeat est. Dicta commodi recusandae quos perferendis voluptas doloribus qui. Nostrum provident id quo modi. Eius officiis quod pariatur illo assumenda et. Error autem est ipsum et tempore laboriosam quo.','2020-01-25 13:48:28'),(162,62,72,2,'Enim temporibus amet repellendus illum aut et autem assumenda. Quasi distinctio est nisi est. Ad at impedit ipsa at dolorem consequatur voluptatem qui. Voluptas velit nemo qui eum.','2012-08-04 06:34:01'),(163,63,64,1,'Qui voluptatem non sed ex quasi nam. Officia vero enim quo. Culpa ipsa mollitia aspernatur atque cum et vel.','2019-07-23 08:46:59'),(164,64,78,2,'Eveniet laboriosam similique tempore asperiores. Voluptatem magni ad qui sint odio deserunt nam. Facilis dolor et porro et vero. Dolorem omnis eius qui eos.','2016-12-16 13:33:51'),(165,65,54,1,'Autem magni excepturi laboriosam consequatur qui magnam voluptates quis. Non et inventore qui vero ratione dicta. Aut quis earum nihil eius sint.','2021-02-01 17:13:18'),(166,66,52,2,'Saepe voluptatem aut laboriosam voluptatem animi sint perspiciatis. Enim magni beatae nemo porro sit.','2014-05-12 19:46:09'),(167,67,14,1,'Numquam fuga sed non itaque non. Ea sint et id laborum aut fuga. Voluptatem numquam delectus voluptatem quam.','2020-06-30 19:45:55'),(168,68,96,2,'Ut explicabo quis sunt accusantium dolorem optio. Quae quisquam ab nostrum ut veritatis. Odit voluptatum aut aut odit culpa culpa et. Et rerum libero odio enim.','2015-10-04 01:48:29'),(169,69,52,1,'Beatae iusto a impedit error. Itaque facere et earum doloremque.','2014-01-09 23:57:48'),(170,70,92,2,'Velit id aut ut possimus et architecto. Sunt a delectus odio.','2012-10-31 08:33:20'),(171,71,22,1,'Nobis officiis voluptatem asperiores. Nihil et ut in sint inventore necessitatibus. Et magni voluptatem quia consequatur velit culpa ut. Et explicabo molestiae iusto.','2015-12-01 14:48:53'),(172,72,92,2,'Eum autem eos laborum eos. Aut deleniti earum dolores ut in voluptatibus voluptatibus totam. Et natus quo alias nobis molestiae.','2016-08-19 01:16:18'),(173,73,73,1,'Esse voluptas possimus et aspernatur est a. Quo deserunt sed sed qui vel reiciendis. Quia nihil in deleniti vitae minus iusto.','2014-02-13 16:26:36'),(174,74,15,2,'Aut error quas commodi reprehenderit aut ut dolor omnis. Amet sunt vero rerum et. Ut corporis sint aliquid asperiores fuga non assumenda accusantium.','2017-08-08 04:12:55'),(175,75,71,1,'Quo dolores et eum sed tempora. Dicta perferendis eius similique explicabo. Unde quibusdam deserunt praesentium commodi architecto impedit dicta quasi.','2013-09-30 19:03:49'),(176,76,27,2,'Alias sed voluptates vel ex vero fuga. Sunt debitis doloremque minus magnam exercitationem cupiditate modi. Nobis aliquid delectus enim.','2013-11-04 18:11:25'),(177,77,12,1,'Et sed ad aliquam at rerum vitae excepturi qui. Reprehenderit molestiae non voluptatibus est et atque sunt voluptatum. Repudiandae veritatis perferendis iste aliquid dolor eos. A consequatur molestiae non hic accusantium. Quisquam totam voluptate numquam qui expedita eligendi.','2015-06-28 06:01:02'),(178,78,44,2,'Nihil hic molestiae soluta recusandae laudantium et velit. Necessitatibus modi in suscipit architecto repudiandae cupiditate. Beatae eos dolores accusamus numquam nulla adipisci modi quia. Velit corrupti sit corrupti provident dolores.','2012-04-29 13:32:49'),(179,79,57,1,'Magni deleniti ipsum consequatur ducimus. Consequuntur maiores explicabo aut odio. Neque harum ut ea quo et.','2012-08-08 14:15:48'),(180,80,42,2,'Totam accusantium molestiae est qui eos qui. Molestiae omnis minus quia minus assumenda aut. Cumque sapiente quia magnam delectus. Eos accusantium beatae consequuntur et ut tempora. Amet reiciendis consequatur veritatis cumque vero.','2015-01-20 03:23:04'),(181,81,74,1,'Quia in consequuntur debitis enim. Ut laboriosam qui nostrum explicabo deserunt. Officiis cumque tempore quia impedit sed ea.','2021-01-21 20:47:03'),(182,82,66,2,'Aliquid commodi repellat repudiandae eveniet voluptas magnam. Asperiores magnam iste eos illo. Officiis expedita ea recusandae maiores quos provident corporis. Dolores deserunt illo qui eos quos non iste perferendis. Illum dolores voluptatem harum dolore exercitationem eos quibusdam vel.','2018-03-12 04:27:51'),(183,83,87,1,'Aut itaque illum voluptas qui voluptatem distinctio dolorem et. Voluptatem adipisci voluptas nostrum perferendis. Expedita nulla sint fugiat aut labore officia.','2019-10-16 04:18:06'),(184,84,38,2,'Quasi dolorum ipsa voluptates laudantium. Omnis aut exercitationem voluptate culpa quam minus blanditiis doloribus. Voluptas modi harum et quis quaerat.','2016-03-18 22:18:45'),(185,85,12,1,'Eius sed optio esse temporibus. Quis et vel provident odit cumque sit. Voluptatum maiores enim maxime voluptatum.','2017-12-19 09:14:23'),(186,86,100,2,'Nemo porro necessitatibus ipsa consequatur mollitia nulla nobis aut. Voluptas enim provident mollitia voluptatibus rerum aut. Voluptatem maiores sint tempora delectus aspernatur.','2020-07-12 13:27:00'),(187,87,16,1,'Ea vel excepturi in ut non fuga. Quasi facilis qui et et ea eaque maxime. Nam quas repellendus et unde tempore eos sed. Dolor possimus dicta eum reiciendis quasi.','2020-08-03 08:35:10'),(188,88,4,2,'Laborum quasi corrupti nemo consequatur eius. Earum dolore id excepturi. Quia voluptas illum occaecati quia expedita est aut. Consectetur ut non nulla et aut tenetur.','2016-06-08 10:17:56'),(189,89,18,1,'Architecto laborum doloremque perferendis. Fugit perspiciatis sunt laboriosam et rem animi accusamus. Eius eos rem nostrum.','2018-05-30 10:08:06'),(190,90,72,2,'Vel doloribus molestias est. Sed occaecati et perferendis et. Nisi quo quia expedita nostrum laudantium perferendis aut.','2017-09-04 00:38:50'),(191,91,59,1,'Quo excepturi rerum dolores quas pariatur quam qui eum. Repudiandae maiores nulla qui voluptate. Sint iure velit et eum ea placeat dolor. Tempore quia deserunt voluptas qui deserunt sint. In sint pariatur voluptatem sed exercitationem reprehenderit.','2016-11-26 17:35:28'),(192,92,59,2,'Esse aspernatur libero voluptatem. Corporis numquam enim omnis sint vero. Voluptas odio cum eveniet quis vel. Quo neque quo nemo eius. Facilis et quis odio et minus quia.','2012-09-28 10:20:37'),(193,93,36,1,'Qui delectus repellendus optio officiis perspiciatis. Similique delectus minima est et.','2021-01-31 20:39:38'),(194,94,41,2,'Reprehenderit odit dolor adipisci corporis aliquam tempore sint. Quis nemo ducimus amet nostrum. Vel cupiditate necessitatibus qui perspiciatis harum. Molestiae et ipsa animi sint est nihil.','2017-05-31 14:29:25'),(195,95,74,1,'Qui perspiciatis at voluptas animi illo consectetur. Molestiae aut ducimus dolor quia ea corporis. Eum illo minima beatae omnis eligendi. Odit nemo eos voluptatum ad veniam.','2019-08-29 16:25:30'),(196,96,80,2,'Porro omnis doloremque odio rerum amet. Vitae occaecati porro blanditiis qui fuga. Voluptas earum reprehenderit voluptatem est delectus sint.','2018-03-17 16:30:55'),(197,97,27,1,'Iste ea aut eius quo iure eius. Eos iure laudantium voluptatem dolorem et excepturi. Minus officiis corrupti voluptas blanditiis. Facilis aut placeat est quisquam dolorem ducimus.','2013-03-20 14:36:57'),(198,98,32,2,'Iusto id et qui porro. Enim vel consequatur quia cupiditate laboriosam accusamus. Consequuntur eaque accusamus quis ut odit consequatur explicabo. Vitae et dolores mollitia voluptates libero nesciunt consequatur.','2016-05-24 15:19:35'),(199,99,58,1,'A esse voluptatum eveniet qui cum error. Perspiciatis omnis et ut quidem non.','2013-05-08 11:31:31'),(200,100,91,2,'Necessitatibus debitis numquam voluptatem consequatur tempore rerum ad et. Aut eum itaque ipsam tempora dolores. Nam nostrum voluptatem id sed quas officia.','2017-06-16 19:04:22');
/*!40000 ALTER TABLE `comments` ENABLE KEYS */;
UNLOCK TABLES;

--
-- Table structure for table `likes`
--

DROP TABLE IF EXISTS `likes`;
/*!40101 SET @saved_cs_client     = @@character_set_client */;
/*!50503 SET character_set_client = utf8mb4 */;
CREATE TABLE `likes` (
  `id` int unsigned NOT NULL AUTO_INCREMENT,
  `user_id` int unsigned NOT NULL,
  `target_id` int unsigned NOT NULL,
  `target_likes_id` int unsigned NOT NULL,
  `created_at` datetime DEFAULT CURRENT_TIMESTAMP,
  PRIMARY KEY (`id`),
  UNIQUE KEY `user_id` (`user_id`),
  UNIQUE KEY `target_id` (`target_id`)
) ENGINE=InnoDB AUTO_INCREMENT=101 DEFAULT CHARSET=utf8mb4 COLLATE=utf8mb4_unicode_ci;
/*!40101 SET character_set_client = @saved_cs_client */;

--
-- Dumping data for table `likes`
--

LOCK TABLES `likes` WRITE;
/*!40000 ALTER TABLE `likes` DISABLE KEYS */;
INSERT INTO `likes` VALUES (1,1,73,1,'2011-09-09 00:38:39'),(2,2,6,2,'2017-06-26 14:38:28'),(3,3,45,1,'2017-07-20 12:10:23'),(4,4,27,2,'2014-06-28 21:34:46'),(5,5,23,1,'2011-05-25 09:00:39'),(6,6,29,2,'2017-08-03 01:05:58'),(7,7,22,1,'2019-10-28 12:20:50'),(8,8,83,2,'2018-06-19 04:08:29'),(9,9,38,1,'2019-01-25 22:28:14'),(10,10,28,2,'2019-03-15 12:56:47'),(11,11,26,1,'2013-10-23 01:40:47'),(12,12,31,2,'2018-01-08 03:42:24'),(13,13,63,1,'2020-07-02 17:51:59'),(14,14,49,2,'2016-01-27 05:34:33'),(15,15,62,1,'2020-10-02 13:57:17'),(16,16,93,2,'2020-08-06 23:40:27'),(17,17,35,1,'2016-05-20 09:26:13'),(18,18,9,2,'2016-04-03 15:48:00'),(19,19,69,1,'2020-03-03 12:49:34'),(20,20,66,2,'2014-11-16 09:50:51'),(21,21,97,1,'2012-10-04 23:36:48'),(22,22,68,2,'2018-12-08 14:04:20'),(23,23,88,1,'2018-01-16 07:25:12'),(24,24,19,2,'2013-05-03 03:01:36'),(25,25,8,1,'2020-09-10 02:43:27'),(26,26,30,2,'2012-01-31 00:44:59'),(27,27,99,1,'2015-09-18 23:45:54'),(28,28,24,2,'2016-09-05 17:22:17'),(29,29,76,1,'2015-09-27 05:01:59'),(30,30,13,2,'2014-09-15 03:13:08'),(31,31,82,1,'2020-01-09 16:47:11'),(32,32,40,2,'2012-08-03 22:36:16'),(33,33,54,1,'2012-02-06 14:51:05'),(34,34,67,2,'2012-01-15 00:25:46'),(35,35,84,1,'2014-07-31 01:21:51'),(36,36,79,2,'2011-11-04 08:25:10'),(37,37,50,1,'2018-05-03 05:20:57'),(38,38,25,2,'2019-07-20 23:15:56'),(39,39,1,1,'2013-01-28 21:42:59'),(40,40,7,2,'2021-03-02 09:37:31'),(41,41,70,1,'2013-05-06 12:39:45'),(42,42,17,2,'2012-04-22 22:04:08'),(43,43,15,1,'2019-08-29 09:13:45'),(44,44,65,2,'2015-09-09 14:05:26'),(45,45,34,1,'2015-06-03 17:46:40'),(46,46,36,2,'2014-12-29 16:50:23'),(47,47,52,1,'2012-09-30 03:22:02'),(48,48,16,2,'2016-12-22 06:15:41'),(49,49,100,1,'2014-02-03 22:40:08'),(50,50,90,2,'2018-09-15 17:59:47'),(51,51,78,1,'2020-05-06 08:33:36'),(52,52,81,2,'2016-02-23 23:09:25'),(53,53,21,1,'2013-04-16 01:51:35'),(54,54,96,2,'2014-01-22 02:02:19'),(55,55,2,1,'2017-03-07 03:27:40'),(56,56,74,2,'2016-04-14 16:09:59'),(57,57,14,1,'2020-09-21 20:33:41'),(58,58,20,2,'2011-12-23 22:59:32'),(59,59,11,1,'2018-03-31 22:20:24'),(60,60,72,2,'2014-11-06 07:27:53'),(61,61,53,1,'2020-03-21 20:55:21'),(62,62,71,2,'2012-09-06 20:08:57'),(63,63,77,1,'2015-01-25 01:29:54'),(64,64,42,2,'2020-06-11 22:15:08'),(65,65,91,1,'2020-06-05 04:18:44'),(66,66,37,2,'2020-01-12 18:40:19'),(67,67,95,1,'2017-09-24 14:55:30'),(68,68,44,2,'2011-08-22 17:14:28'),(69,69,58,1,'2016-06-10 11:09:32'),(70,70,12,2,'2012-10-12 22:24:50'),(71,71,57,1,'2014-10-18 04:34:50'),(72,72,98,2,'2016-07-22 09:55:31'),(73,73,43,1,'2015-12-22 21:56:33'),(74,74,18,2,'2011-07-21 05:58:24'),(75,75,5,1,'2013-09-05 11:17:57'),(76,76,94,2,'2011-04-08 04:54:25'),(77,77,59,1,'2011-07-04 06:18:26'),(78,78,64,2,'2015-01-07 17:23:14'),(79,79,86,1,'2017-05-28 02:32:13'),(80,80,32,2,'2020-12-29 18:02:42'),(81,81,51,1,'2012-09-13 01:51:14'),(82,82,56,2,'2018-10-28 01:34:03'),(83,83,55,1,'2015-10-15 04:39:01'),(84,84,10,2,'2011-11-08 03:14:00'),(85,85,46,1,'2014-12-09 14:06:06'),(86,86,80,2,'2018-04-14 09:05:39'),(87,87,41,1,'2017-12-10 22:29:13'),(88,88,92,2,'2019-05-23 22:25:02'),(89,89,39,1,'2013-02-16 08:49:20'),(90,90,4,2,'2016-12-28 13:37:39'),(91,91,47,1,'2013-06-08 01:20:03'),(92,92,3,2,'2014-05-11 04:43:53'),(93,93,85,1,'2018-07-13 15:18:13'),(94,94,89,2,'2014-05-27 03:45:37'),(95,95,61,1,'2019-07-11 01:51:02'),(96,96,87,2,'2019-08-20 06:01:04'),(97,97,60,1,'2015-08-09 02:24:12'),(98,98,33,2,'2012-12-03 12:13:48'),(99,99,48,1,'2014-02-22 04:16:30'),(100,100,75,2,'2020-06-12 08:23:24');
/*!40000 ALTER TABLE `likes` ENABLE KEYS */;
UNLOCK TABLES;

--
-- Table structure for table `profiles`
--

DROP TABLE IF EXISTS `profiles`;
/*!40101 SET @saved_cs_client     = @@character_set_client */;
/*!50503 SET character_set_client = utf8mb4 */;
CREATE TABLE `profiles` (
  `user_id` int unsigned NOT NULL,
  `gender` enum('M','F') CHARACTER SET utf8mb4 COLLATE utf8mb4_unicode_ci DEFAULT NULL,
  `birthday` date DEFAULT NULL,
  `city` varchar(130) CHARACTER SET utf8mb4 COLLATE utf8mb4_unicode_ci DEFAULT NULL,
  `country` varchar(130) CHARACTER SET utf8mb4 COLLATE utf8mb4_unicode_ci DEFAULT NULL,
  `phone` varchar(100) CHARACTER SET utf8mb4 COLLATE utf8mb4_unicode_ci NOT NULL,
  `email` varchar(100) CHARACTER SET utf8mb4 COLLATE utf8mb4_unicode_ci NOT NULL,
  `created_at` datetime DEFAULT CURRENT_TIMESTAMP,
  `updated_at` datetime DEFAULT CURRENT_TIMESTAMP ON UPDATE CURRENT_TIMESTAMP,
  PRIMARY KEY (`user_id`),
  UNIQUE KEY `email` (`email`),
  UNIQUE KEY `phone` (`phone`),
  CONSTRAINT `profiles_user_id_fk` FOREIGN KEY (`user_id`) REFERENCES `users` (`id`) ON DELETE CASCADE
) ENGINE=InnoDB DEFAULT CHARSET=utf8mb4 COLLATE=utf8mb4_unicode_ci;
/*!40101 SET character_set_client = @saved_cs_client */;

--
-- Dumping data for table `profiles`
--

LOCK TABLES `profiles` WRITE;
/*!40000 ALTER TABLE `profiles` DISABLE KEYS */;
INSERT INTO `profiles` VALUES (1,'M','1971-02-07','East Alayna','Suriname','556-656-6849','lakin.cathrine@example.net','2012-03-23 20:29:01','2019-02-19 15:48:23'),(2,'M','1999-01-19','Gaylordport','Macedonia','1-532-894-8592x779','xcollins@example.org','2011-12-11 08:13:25','2012-06-17 23:35:30'),(3,'M','2012-10-13','Lake Leslieview','Jersey','(535)382-5742x33610','mstreich@example.com','2018-06-28 04:23:02','2019-12-23 11:30:08'),(4,'F','2010-09-17','North Bertrandtown','Malaysia','994-972-4081','predovic.alfredo@example.org','2011-10-03 03:51:12','2015-05-18 10:29:14'),(5,'F','2019-06-02','South Crawford','Tuvalu','(633)573-2550','tessie.adams@example.com','2017-11-23 08:36:41','2019-02-19 18:17:25'),(6,'M','1975-05-22','Port Manley','Indonesia','733-734-6612x984','ryan.layla@example.com','2020-05-05 10:07:28','2021-03-21 13:43:08'),(7,'M','2004-09-19','Port Virginia','Bolivia','07858534270','lilian65@example.org','2014-06-19 05:21:32','2017-01-01 23:42:00'),(8,'F','1996-09-01','Libbyborough','Romania','(154)099-8084x131','sylvester25@example.com','2019-12-06 15:11:14','2021-03-21 13:43:08'),(9,'F','2020-12-28','Ashlystad','Maldives','1-135-636-5711x365','zhermann@example.org','2019-04-06 21:48:50','2021-03-21 13:43:08'),(10,'M','1981-01-27','West Alyce','Haiti','336.757.5460','hamill.delta@example.net','2018-09-11 04:43:08','2021-03-21 13:43:08'),(11,'M','2005-04-28','Dereckport','El Salvador','575.711.2383x67599','dreichert@example.com','2012-04-21 15:02:47','2016-11-09 13:43:48'),(12,'M','1980-10-20','Gailfort','Bosnia and Herzegovina','606.657.8900','eryn.mayer@example.com','2015-02-15 17:01:50','2021-03-21 13:43:08'),(13,'M','1992-09-21','Port Norvalside','Iran','1-528-284-5405x92028','xkunze@example.com','2012-12-09 16:37:50','2019-03-17 16:23:58'),(14,'M','1977-01-30','Nathanview','Israel','+33(9)1818024258','mmertz@example.com','2015-11-19 05:23:15','2019-05-28 12:01:39'),(15,'F','2002-08-27','Weberfort','Swaziland','05504420335','nhegmann@example.net','2014-04-07 06:17:50','2021-03-21 13:43:08'),(16,'M','2015-01-04','West Amina','Pakistan','296.271.3061','fahey.keira@example.org','2019-04-06 10:39:04','2021-03-21 13:43:08'),(17,'M','1999-03-18','North Gail','Niger','1-649-886-3454','juston17@example.org','2020-03-03 21:32:24','2021-03-21 13:43:08'),(18,'F','1972-08-18','Charityville','South Africa','547-451-9203x467','ksmitham@example.net','2019-05-17 00:40:45','2021-03-21 13:43:08'),(19,'F','2020-04-23','Welchbury','Greenland','592.333.1261x31086','vjacobs@example.org','2020-11-09 03:14:34','2021-03-21 13:43:08'),(20,'F','1973-08-26','Rippinport','Equatorial Guinea','423.205.3573','ygerhold@example.org','2013-04-03 15:17:24','2021-03-21 13:43:08'),(21,'F','2019-04-06','Boscomouth','Korea','375-969-5024','welch.angela@example.com','2020-08-28 09:52:34','2021-03-21 13:43:08'),(22,'F','1991-12-13','North Sandra','Norway','02746975916','ngottlieb@example.net','2012-02-22 00:34:38','2019-06-22 00:49:29'),(23,'F','1980-01-18','Amiyabury','French Southern Territories','937.589.9535x662','lhowe@example.net','2019-11-21 18:52:21','2021-03-21 13:43:08'),(24,'M','2004-02-27','Macieburgh','French Polynesia','827-970-5318x681','edaniel@example.net','2019-01-28 10:54:07','2021-03-21 13:43:08'),(25,'M','1991-11-22','Veumberg','Turkey','03585048444','mwilliamson@example.net','2014-10-01 08:22:23','2019-06-19 19:37:54'),(26,'M','1976-06-25','Willisview','Jersey','(360)135-4358x2850','rpadberg@example.com','2018-07-11 15:25:01','2021-03-21 13:43:08'),(27,'F','1970-07-31','South Arno','Grenada','1-792-962-9776x54264','baumbach.nichole@example.com','2016-01-06 16:03:58','2016-04-19 06:42:13'),(28,'M','2013-09-26','New Vince','Uzbekistan','1-836-985-9240','ymraz@example.com','2016-04-11 10:07:00','2021-03-21 13:43:08'),(29,'M','2000-09-10','Dareburgh','Gibraltar','02585241057','rosalyn94@example.net','2021-02-04 09:51:15','2021-03-21 13:43:08'),(30,'F','2010-07-19','Prosaccofurt','Czech Republic','(908)102-9057x502','hauck.ewald@example.com','2011-07-06 15:18:17','2012-07-27 20:09:44'),(31,'M','1985-10-05','Marquesville','Spain','+59(6)6736676472','darron.lynch@example.com','2015-09-22 12:32:38','2016-07-03 22:18:14'),(32,'M','2001-12-20','Port Carleyshire','Cyprus','657-832-5209x1701','ezekiel30@example.org','2018-04-05 07:54:41','2021-03-21 13:43:08'),(33,'F','2003-02-13','Alessiahaven','Dominican Republic','1-571-539-7694x07032','ryann.beier@example.org','2014-10-01 09:24:18','2015-01-19 19:54:21'),(34,'M','1996-08-26','Luciusfort','Kuwait','299-973-7143x451','harris.andre@example.org','2019-02-06 08:20:29','2019-05-13 07:34:25'),(35,'M','1980-09-25','North Jimmieton','Guyana','114.680.1944x6307','cjohnston@example.org','2016-10-20 23:41:47','2021-03-21 13:43:08'),(36,'M','1979-08-07','Ryleighmouth','Australia','1-332-924-6890x516','terrill56@example.net','2017-07-05 07:23:15','2021-03-21 13:43:08'),(37,'F','1991-07-18','South Noemifurt','Liberia','1-966-730-3755x102','kayden.ruecker@example.org','2017-09-06 06:16:27','2021-03-21 13:43:08'),(38,'M','2013-04-16','New Lillianbury','Swaziland','09974600299','dach.elliot@example.org','2017-07-27 11:49:27','2018-07-29 01:48:37'),(39,'F','2019-10-02','North Ryann','Mozambique','606.472.9883x04526','schimmel.shakira@example.net','2019-06-01 17:04:47','2021-03-21 13:43:08'),(40,'F','1981-04-23','Herbertstad','Uzbekistan','1-627-537-9778x395','marta08@example.org','2015-11-15 04:23:46','2019-05-13 16:27:58'),(41,'M','1990-10-14','North Jaydechester','South Africa','392.871.2366','kohler.felix@example.net','2020-10-15 23:18:50','2021-03-21 13:43:08'),(42,'M','2004-03-12','Port Randall','Marshall Islands','535.207.2929','marshall.dibbert@example.net','2017-08-14 19:57:27','2021-03-21 13:43:08'),(43,'M','2019-10-12','West Mablemouth','Faroe Islands','04077813928','o\'connell.nellie@example.com','2016-06-30 01:27:51','2021-03-21 13:43:08'),(44,'M','1988-01-01','West Aydenview','Svalbard & Jan Mayen Islands','1-853-856-4449x44168','tcrooks@example.com','2015-04-12 21:43:23','2021-03-21 13:43:08'),(45,'F','1988-11-30','North Mitchelville','Cyprus','934-866-7748x805','devan02@example.org','2011-08-13 03:52:45','2012-01-02 00:42:50'),(46,'M','1992-01-22','New Charlotte','Thailand','+39(9)1687496474','kyla07@example.com','2014-12-19 03:19:39','2019-01-06 21:36:39'),(47,'M','2011-10-15','Boyerville','Martinique','(758)352-8847x870','blanche.windler@example.net','2012-11-05 02:30:07','2020-09-29 05:54:45'),(48,'M','1982-01-12','North Chasitychester','Belgium','(613)822-8873x69673','huel.annamarie@example.org','2015-08-14 00:08:41','2020-11-15 16:22:31'),(49,'M','1975-10-21','New Jeffview','Senegal','08353704354','german57@example.com','2021-01-21 08:41:26','2021-03-21 13:43:08'),(50,'F','2015-03-29','Ornton','Ireland','064.310.2750','lynch.garett@example.org','2015-12-03 08:27:50','2021-03-21 13:43:08'),(51,'M','2017-04-21','Lake June','Cape Verde','255.664.8632x712','bernadette.leuschke@example.org','2020-08-07 17:17:17','2021-03-21 13:43:08'),(52,'F','1972-07-02','Aiyanaberg','Cayman Islands','552.374.5149x9909','noemie.kunde@example.org','2012-02-06 23:10:55','2018-11-10 00:10:23'),(53,'F','1979-10-10','Port Adrianna','Luxembourg','+55(3)7084024251','fsteuber@example.com','2019-05-24 17:44:38','2021-03-21 13:43:08'),(54,'M','2001-09-11','Wilkinsonstad','Estonia','479.751.1761x650','daphnee77@example.net','2013-09-20 11:46:09','2021-03-21 13:43:08'),(55,'F','1971-06-02','Haileeside','Belarus','1-007-960-7860x896','kathryne.eichmann@example.com','2012-06-03 04:25:55','2019-10-05 01:20:11'),(56,'M','1977-01-01','Auerburgh','Comoros','(410)678-6699x85842','fdach@example.com','2013-09-13 02:51:43','2013-10-05 21:31:10'),(57,'M','1977-01-22','Predovicmouth','Norfolk Island','936.093.5992x851','kulas.dwight@example.org','2020-09-27 15:36:04','2021-03-21 13:43:08'),(58,'M','1981-06-28','Preciousville','United States Virgin Islands','320.677.5571','luther96@example.org','2015-01-23 00:34:52','2021-03-21 13:43:08'),(59,'M','2020-11-02','North Tyshawn','Burkina Faso','+92(8)8355028313','rosalind.johnston@example.org','2016-06-17 02:36:21','2021-03-21 13:43:08'),(60,'M','1997-12-29','Boyermouth','Malta','09741406375','osauer@example.com','2013-01-14 05:07:14','2018-12-23 02:51:45'),(61,'F','1985-09-13','North Sylvia','Anguilla','+18(8)4317888488','schiller.elva@example.org','2019-04-18 20:47:18','2021-03-21 13:43:08'),(62,'M','2004-03-28','Rathside','Iraq','166.319.6689','einar13@example.net','2014-05-20 17:42:59','2019-10-15 17:52:38'),(63,'M','2012-07-04','South Bonniechester','Canada','05193703891','iframi@example.org','2017-09-29 15:53:09','2021-03-21 13:43:08'),(64,'F','1971-07-15','Mitchellside','Poland','645-469-0733','sauer.curt@example.org','2015-09-28 14:22:58','2021-03-21 13:43:08'),(65,'F','1987-01-05','New Willa','Equatorial Guinea','371-882-4036x557','xswift@example.org','2018-01-09 05:52:05','2021-03-21 13:43:08'),(66,'F','2007-07-22','East Shaunview','United States Virgin Islands','1-339-287-5222x436','kylee.lynch@example.net','2011-10-09 15:05:08','2015-04-29 08:08:41'),(67,'M','1982-11-28','South Judgeborough','Germany','505.472.6690','pnienow@example.net','2013-09-04 05:54:15','2021-03-21 13:43:08'),(68,'F','2007-07-13','West Kristopher','Grenada','+67(9)9772445126','blarkin@example.org','2012-06-27 16:42:03','2013-09-07 21:49:02'),(69,'F','2007-09-17','Antoniaton','Saint Helena','926.672.1079x89446','rhea69@example.net','2012-03-27 04:21:37','2020-10-03 13:13:08'),(70,'M','1995-06-18','North Clay','Anguilla','500-297-5819x4742','ritchie.vickie@example.org','2012-08-19 08:41:56','2013-08-26 14:57:28'),(71,'M','1992-05-16','South Ronny','Denmark','973-871-3486','rickie11@example.com','2019-12-01 18:25:44','2021-02-01 23:15:53'),(72,'M','1973-10-30','Destanyburgh','Uruguay','464-809-3016x36422','daniel.wilson@example.com','2020-06-21 18:43:07','2021-03-21 13:43:08'),(73,'M','2008-03-11','Port Hannahaven','Mongolia','703.545.5573x9092','furman.ratke@example.net','2017-04-15 19:55:51','2020-12-03 00:35:18'),(74,'M','1988-05-29','Elmiraland','Finland','(564)972-3848x922','wilford.walter@example.net','2011-06-22 07:18:17','2012-10-24 16:13:54'),(75,'F','2005-08-17','North Nella','Morocco','701.051.5794','nellie.murphy@example.com','2016-08-09 23:54:06','2020-06-23 22:15:00'),(76,'F','2005-01-27','East Belle','Barbados','398.985.3205x592','ehalvorson@example.net','2021-01-08 14:35:49','2021-03-21 13:43:08'),(77,'M','2008-03-02','Paucekville','Nicaragua','1-334-242-6638x44633','cruz09@example.org','2020-02-12 17:49:27','2021-03-21 13:43:08'),(78,'M','2018-07-26','New Kathlyn','British Indian Ocean Territory (Chagos Archipelago)','1-706-417-5644','sheldon.mcdermott@example.net','2017-04-02 07:36:40','2021-03-21 13:43:08'),(79,'M','2017-05-19','Lake Kayleystad','Tuvalu','656-557-6171','kohler.fernando@example.org','2018-10-12 04:59:35','2021-03-21 13:43:08'),(80,'F','2015-04-22','Rebeccashire','Singapore','637.618.8981x623','larkin.suzanne@example.net','2011-05-19 22:40:59','2014-04-22 12:37:47'),(81,'M','1995-04-03','Port Jeramieberg','Dominican Republic','(307)353-6562','mckenzie.winnifred@example.com','2012-06-12 15:39:57','2020-03-14 12:37:24'),(82,'M','1971-11-08','New Jaydenland','Burundi','+85(2)2222671092','lizzie82@example.org','2017-04-05 12:02:11','2021-03-21 13:43:08'),(83,'M','1996-09-30','Hermannfurt','Malawi','887.079.7048','sipes.cyrus@example.org','2018-05-04 02:02:42','2021-03-21 13:43:08'),(84,'F','2000-10-02','Rylantown','Equatorial Guinea','(463)558-6642x605','kathleen.wuckert@example.com','2020-07-30 02:02:56','2021-03-21 13:43:08'),(85,'M','1990-04-23','Lake Raymond','American Samoa','(811)072-2894','witting.dorcas@example.com','2019-10-05 16:59:37','2021-03-21 13:43:08'),(86,'M','1995-06-19','West Elwyn','Uzbekistan','1-146-530-0059','kiehn.randal@example.com','2019-12-17 14:03:34','2021-03-21 13:43:08'),(87,'M','2012-06-12','Jakubowskiton','Bhutan','126-000-9178','ryan40@example.net','2020-08-12 00:24:55','2021-03-21 13:43:08'),(88,'F','2003-10-12','Legroschester','Algeria','(320)849-8478x7880','king.josianne@example.com','2015-01-29 16:39:30','2021-03-21 13:43:08'),(89,'M','2008-06-08','South Gregory','Georgia','1-788-823-9870x0821','abby.sauer@example.net','2020-05-04 07:52:15','2021-03-21 13:43:08'),(90,'M','2003-02-15','Terencebury','Madagascar','(137)293-7218x533','cristobal.toy@example.org','2016-07-10 21:52:05','2021-03-21 13:43:08'),(91,'F','2019-10-28','Gusikowskishire','Comoros','733.089.8500x659','nhuel@example.net','2019-02-06 21:35:55','2021-03-21 13:43:08'),(92,'M','2000-05-27','South Madge','Estonia','158-529-0837','johnston.presley@example.net','2017-01-15 21:00:57','2021-03-21 13:43:08'),(93,'F','1970-10-17','Rathfurt','British Indian Ocean Territory (Chagos Archipelago)','(643)870-6635x64699','lydia.crona@example.com','2020-04-16 20:58:03','2021-03-21 13:43:08'),(94,'M','1999-11-29','Patrickside','French Southern Territories','128.272.5303','dhessel@example.org','2016-07-13 23:08:58','2018-06-08 18:04:36'),(95,'F','2019-07-28','Bartellland','Lithuania','794-541-6590x56242','coy.kris@example.net','2013-06-06 15:00:12','2015-10-21 09:38:35'),(96,'F','1970-04-10','Kilbackburgh','Malta','1-319-361-3962','ewald.luettgen@example.net','2019-04-05 07:13:06','2021-03-21 13:43:08'),(97,'M','1998-11-22','Lake Gideonshire','Honduras','(584)792-5574','ddaugherty@example.com','2018-11-04 16:20:04','2021-01-31 05:05:30'),(98,'F','1990-08-21','Luisaborough','Poland','042-554-6517x105','awalter@example.com','2012-12-06 12:18:10','2021-01-05 00:29:39'),(99,'F','1998-06-25','South Abelardo','Bahrain','806-465-8992x7622','tess74@example.com','2018-05-16 05:10:09','2021-03-21 13:43:08'),(100,'F','2006-09-30','New Yesenia','Philippines','1-364-917-6615x16476','jimmy.runolfsdottir@example.net','2017-01-26 15:49:06','2020-11-12 13:03:54');
/*!40000 ALTER TABLE `profiles` ENABLE KEYS */;
UNLOCK TABLES;

--
-- Table structure for table `subscription_statuses`
--

DROP TABLE IF EXISTS `subscription_statuses`;
/*!40101 SET @saved_cs_client     = @@character_set_client */;
/*!50503 SET character_set_client = utf8mb4 */;
CREATE TABLE `subscription_statuses` (
  `subscription_id` int unsigned NOT NULL,
  `notifications` tinyint(1) DEFAULT '0',
  `sponsor` tinyint(1) DEFAULT '0',
  `created_at` datetime DEFAULT CURRENT_TIMESTAMP,
  `updated_at` datetime DEFAULT CURRENT_TIMESTAMP ON UPDATE CURRENT_TIMESTAMP,
  PRIMARY KEY (`subscription_id`)
) ENGINE=InnoDB DEFAULT CHARSET=utf8mb4 COLLATE=utf8mb4_unicode_ci;
/*!40101 SET character_set_client = @saved_cs_client */;

--
-- Dumping data for table `subscription_statuses`
--

LOCK TABLES `subscription_statuses` WRITE;
/*!40000 ALTER TABLE `subscription_statuses` DISABLE KEYS */;
INSERT INTO `subscription_statuses` VALUES (1,0,0,'2013-10-02 15:17:51','2015-07-10 14:08:35'),(2,1,0,'2019-04-16 12:45:33','2021-03-21 13:50:39'),(3,1,1,'2015-10-19 10:56:02','2021-03-21 13:50:39'),(4,0,1,'2020-09-18 10:23:39','2021-03-21 13:50:39');
/*!40000 ALTER TABLE `subscription_statuses` ENABLE KEYS */;
UNLOCK TABLES;

--
-- Table structure for table `subscriptions`
--

DROP TABLE IF EXISTS `subscriptions`;
/*!40101 SET @saved_cs_client     = @@character_set_client */;
/*!50503 SET character_set_client = utf8mb4 */;
CREATE TABLE `subscriptions` (
  `user_id` int unsigned NOT NULL,
  `channel_id` int unsigned NOT NULL,
  `subscription_status_id` int unsigned NOT NULL,
  `created_at` datetime DEFAULT CURRENT_TIMESTAMP,
  `updated_at` datetime DEFAULT CURRENT_TIMESTAMP ON UPDATE CURRENT_TIMESTAMP,
  PRIMARY KEY (`user_id`,`channel_id`),
  KEY `sub_channel_id_channels_id_fk` (`channel_id`),
  KEY `subscriptions_subscription_status_id_fk` (`subscription_status_id`),
  CONSTRAINT `sub_channel_id_channels_id_fk` FOREIGN KEY (`channel_id`) REFERENCES `channels` (`id`),
  CONSTRAINT `sub_user_id_users_id_fk` FOREIGN KEY (`user_id`) REFERENCES `users` (`id`),
  CONSTRAINT `subscriptions_subscription_status_id_fk` FOREIGN KEY (`subscription_status_id`) REFERENCES `subscription_statuses` (`subscription_id`)
) ENGINE=InnoDB DEFAULT CHARSET=utf8mb4 COLLATE=utf8mb4_unicode_ci;
/*!40101 SET character_set_client = @saved_cs_client */;

--
-- Dumping data for table `subscriptions`
--

LOCK TABLES `subscriptions` WRITE;
/*!40000 ALTER TABLE `subscriptions` DISABLE KEYS */;
INSERT INTO `subscriptions` VALUES (6,4,1,'2012-11-12 11:47:32','2013-10-08 18:43:33'),(6,16,1,'2017-07-30 12:58:19','2021-03-21 13:50:10'),(9,11,2,'2020-03-22 00:04:59','2021-03-21 13:50:10'),(10,3,3,'2018-07-18 21:41:30','2020-12-14 06:24:59'),(17,12,2,'2016-12-29 02:43:20','2021-03-21 13:50:10'),(23,15,2,'2014-02-02 06:46:59','2019-09-04 14:33:11'),(26,18,2,'2017-01-17 03:52:56','2017-03-22 00:14:34'),(30,13,1,'2014-09-11 07:11:17','2018-09-14 09:22:15'),(37,9,3,'2012-12-28 07:14:29','2021-03-21 13:50:10'),(44,10,1,'2013-06-28 11:59:40','2017-05-09 03:08:07'),(48,20,2,'2012-09-05 23:56:28','2020-07-23 13:06:50'),(49,17,1,'2018-04-19 10:53:40','2021-03-21 13:50:10'),(51,5,1,'2013-10-22 15:52:11','2021-03-21 13:50:10'),(60,8,1,'2014-12-29 14:22:07','2017-01-21 19:48:42'),(62,14,2,'2012-10-29 09:13:48','2015-03-15 04:25:31'),(64,2,4,'2018-12-27 04:45:09','2020-12-05 04:33:04'),(71,19,4,'2011-06-23 22:55:21','2014-04-21 19:09:29'),(96,6,4,'2013-05-09 00:54:25','2015-10-20 19:02:00'),(96,7,1,'2017-01-27 14:03:07','2021-03-21 13:50:10'),(100,1,3,'2013-03-28 11:46:42','2019-12-10 21:14:29');
/*!40000 ALTER TABLE `subscriptions` ENABLE KEYS */;
UNLOCK TABLES;

--
-- Table structure for table `target`
--

DROP TABLE IF EXISTS `target`;
/*!40101 SET @saved_cs_client     = @@character_set_client */;
/*!50503 SET character_set_client = utf8mb4 */;
CREATE TABLE `target` (
  `id` int unsigned NOT NULL AUTO_INCREMENT,
  `name` enum('comments','video_posts') CHARACTER SET utf8mb4 COLLATE utf8mb4_unicode_ci DEFAULT NULL,
  `created_at` datetime DEFAULT CURRENT_TIMESTAMP,
  PRIMARY KEY (`id`)
) ENGINE=InnoDB AUTO_INCREMENT=3 DEFAULT CHARSET=utf8mb4 COLLATE=utf8mb4_unicode_ci;
/*!40101 SET character_set_client = @saved_cs_client */;

--
-- Dumping data for table `target`
--

LOCK TABLES `target` WRITE;
/*!40000 ALTER TABLE `target` DISABLE KEYS */;
INSERT INTO `target` VALUES (1,'video_posts','2020-12-05 14:13:52'),(2,'comments','2020-08-25 02:17:24');
/*!40000 ALTER TABLE `target` ENABLE KEYS */;
UNLOCK TABLES;

--
-- Table structure for table `users`
--

DROP TABLE IF EXISTS `users`;
/*!40101 SET @saved_cs_client     = @@character_set_client */;
/*!50503 SET character_set_client = utf8mb4 */;
CREATE TABLE `users` (
  `id` int unsigned NOT NULL AUTO_INCREMENT,
  `first_name` varchar(100) CHARACTER SET utf8mb4 COLLATE utf8mb4_unicode_ci NOT NULL,
  `last_name` varchar(100) CHARACTER SET utf8mb4 COLLATE utf8mb4_unicode_ci NOT NULL,
  `pseudonym` varchar(100) CHARACTER SET utf8mb4 COLLATE utf8mb4_unicode_ci NOT NULL,
  `avatar` varchar(255) CHARACTER SET utf8mb4 COLLATE utf8mb4_unicode_ci NOT NULL,
  `created_at` datetime DEFAULT CURRENT_TIMESTAMP,
  `updated_at` datetime DEFAULT CURRENT_TIMESTAMP ON UPDATE CURRENT_TIMESTAMP,
  PRIMARY KEY (`id`),
  UNIQUE KEY `pseudonym` (`pseudonym`)
) ENGINE=InnoDB AUTO_INCREMENT=101 DEFAULT CHARSET=utf8mb4 COLLATE=utf8mb4_unicode_ci;
/*!40101 SET character_set_client = @saved_cs_client */;

--
-- Dumping data for table `users`
--

LOCK TABLES `users` WRITE;
/*!40000 ALTER TABLE `users` DISABLE KEYS */;
INSERT INTO `users` VALUES (1,'Leola','Morar','consectetur','nisi','2020-05-16 18:53:52','2021-03-21 13:43:03'),(2,'Yasmine','Pouros','consequatur','minima','2013-06-06 08:51:53','2017-08-15 17:28:14'),(3,'Ricky','Gibson','sunt','omnis','2017-11-04 23:00:44','2021-03-21 13:43:03'),(4,'Tod','Schowalter','in','consequatur','2011-07-10 16:18:05','2018-02-05 10:45:50'),(5,'Nasir','Collier','non','architecto','2017-03-23 16:00:17','2021-03-21 13:43:03'),(6,'Hellen','Spinka','ipsa','iusto','2019-07-01 06:17:43','2021-03-21 13:43:03'),(7,'Adelbert','Abernathy','molestias','et','2013-05-14 15:38:38','2017-03-04 21:17:06'),(8,'Ryder','Robel','enim','rerum','2013-11-22 23:03:25','2014-10-19 11:21:56'),(9,'Irma','Grady','eum','sed','2020-08-15 11:26:38','2021-03-21 13:43:03'),(10,'Orion','Sauer','accusantium','esse','2012-06-07 12:19:41','2020-02-08 16:09:49'),(11,'Gideon','Schamberger','rem','voluptatem','2015-06-02 09:33:58','2021-03-21 13:43:03'),(12,'Felipa','O\'Conner','vero','rerum','2018-04-28 23:12:10','2021-02-14 21:41:32'),(13,'Celine','Lindgren','sed','quis','2019-10-19 06:34:18','2021-03-21 13:43:03'),(14,'Malvina','Stokes','eius','minus','2011-09-29 09:22:31','2015-11-16 02:41:14'),(15,'Candice','Haag','nemo','incidunt','2012-11-29 06:44:04','2021-03-21 13:43:03'),(16,'Bettye','Smith','ullam','fugiat','2016-12-22 05:52:23','2021-03-21 13:43:03'),(17,'Aliza','Halvorson','consequuntur','vitae','2012-04-21 09:50:14','2021-01-08 21:08:06'),(18,'Gia','Jacobs','magni','cupiditate','2020-06-03 19:17:20','2021-03-21 13:43:03'),(19,'Nasir','Dietrich','rerum','esse','2012-01-06 13:04:19','2014-11-25 13:43:05'),(20,'Yasmeen','Schamberger','ab','est','2015-03-28 12:22:30','2016-05-09 08:28:43'),(21,'Gino','Walker','quis','ut','2017-08-05 08:30:08','2021-03-21 13:43:03'),(22,'Kristina','Sporer','et','aspernatur','2020-04-15 04:48:00','2021-03-21 13:43:03'),(23,'Iva','Glover','eos','voluptas','2011-12-26 19:33:02','2019-10-14 21:09:35'),(24,'Nina','Marquardt','officia','voluptas','2015-07-18 00:40:20','2019-09-08 19:59:42'),(25,'Dereck','Wilkinson','maiores','vel','2012-03-19 00:47:58','2013-02-20 10:33:54'),(26,'Estella','Keeling','aut','exercitationem','2016-07-06 08:01:55','2021-03-21 13:43:03'),(27,'Merritt','Rodriguez','doloribus','aut','2012-09-17 12:17:03','2015-10-02 11:48:00'),(28,'Lucy','Klein','delectus','officia','2019-04-05 19:44:02','2019-05-20 13:05:20'),(29,'Laurie','Heller','voluptas','et','2012-02-03 21:38:52','2020-12-12 10:00:11'),(30,'Henriette','Greenfelder','omnis','et','2011-10-06 18:00:52','2012-10-01 09:29:28'),(31,'Ellie','O\'Hara','expedita','est','2014-04-13 17:14:54','2017-11-07 01:06:32'),(32,'Dayne','Collins','harum','maiores','2020-05-27 06:18:34','2021-03-21 13:43:03'),(33,'Terrill','Wisoky','quo','dolor','2019-08-02 10:41:16','2021-03-21 13:43:03'),(34,'Travis','Schimmel','eveniet','laudantium','2012-01-07 20:31:24','2015-07-16 17:10:40'),(35,'Virgil','Rice','quas','vel','2011-05-30 17:15:38','2018-06-12 16:05:05'),(36,'Billy','Rempel','eligendi','dolorem','2012-09-25 07:57:12','2021-03-21 13:43:03'),(37,'Yolanda','Dietrich','possimus','numquam','2015-08-17 13:17:37','2020-10-26 10:17:17'),(38,'Aurelie','Weissnat','doloremque','ea','2013-10-25 02:39:53','2015-03-16 03:05:49'),(39,'Ladarius','Labadie','necessitatibus','eum','2015-01-24 14:42:46','2015-10-18 21:51:36'),(40,'Rosemarie','Flatley','quia','maxime','2013-11-09 15:16:20','2015-10-25 01:10:53'),(41,'Oma','Hauck','laboriosam','laudantium','2012-04-19 04:59:47','2020-09-28 05:55:56'),(42,'Annamarie','Rau','hic','dignissimos','2014-04-12 14:25:48','2020-06-28 06:04:51'),(43,'Carolina','Schneider','tempore','odit','2014-09-09 10:17:04','2020-12-23 06:23:42'),(44,'Zachariah','Wyman','suscipit','accusantium','2012-09-22 07:12:27','2014-12-04 15:28:14'),(45,'Lilian','Conn','repellat','odio','2016-09-11 00:27:23','2021-03-21 13:43:03'),(46,'Eileen','Gorczany','nulla','aliquam','2019-02-19 14:02:10','2021-03-21 13:43:03'),(47,'Rudy','Becker','voluptatem','consequuntur','2015-03-24 15:21:14','2020-09-25 23:51:35'),(48,'Willie','Schaefer','ea','quia','2013-10-26 22:18:24','2014-01-27 16:56:27'),(49,'Vincenzo','Romaguera','dolores','earum','2011-05-17 08:53:57','2020-01-17 14:38:56'),(50,'Lavon','Nienow','id','ut','2012-04-19 02:26:15','2012-06-01 13:37:42'),(51,'Damion','Connelly','ratione','quibusdam','2011-10-11 23:45:26','2011-12-22 11:56:03'),(52,'Benny','Kuphal','quam','delectus','2017-06-28 09:10:34','2021-03-21 13:43:03'),(53,'Marion','Terry','ut','tempora','2012-03-14 21:52:58','2015-03-31 19:59:39'),(54,'Toy','Reynolds','dolor','et','2015-07-07 13:49:59','2018-05-23 17:48:10'),(55,'Dominique','Hessel','aspernatur','consequuntur','2013-03-12 12:17:49','2020-10-13 07:10:12'),(56,'Marcel','Ankunding','nobis','voluptatem','2018-07-27 08:43:34','2020-06-24 05:36:20'),(57,'Herman','Jast','sit','sunt','2018-01-16 13:51:26','2021-03-21 13:43:03'),(58,'Rudy','Brekke','velit','rerum','2014-04-30 23:36:16','2016-11-12 03:06:04'),(59,'Ariel','Botsford','praesentium','quasi','2012-06-18 15:28:55','2018-03-18 08:09:03'),(60,'Maximillian','McDermott','autem','ea','2021-03-17 18:48:13','2021-03-21 13:43:03'),(61,'Shad','Torp','est','nulla','2013-06-17 19:07:40','2015-08-19 17:20:17'),(62,'Ezekiel','Johnston','atque','expedita','2012-06-17 08:25:54','2020-12-23 01:38:40'),(63,'Alvena','Marks','sequi','voluptates','2016-03-19 23:39:49','2021-03-21 13:43:03'),(64,'Lottie','Turcotte','cumque','quam','2013-10-11 20:20:49','2020-07-29 10:24:20'),(65,'Kamren','Trantow','corporis','impedit','2019-12-14 02:43:16','2021-03-21 13:43:03'),(66,'Camila','Hyatt','unde','quia','2019-08-16 19:28:47','2021-03-21 13:43:03'),(67,'Katarina','Bode','qui','voluptas','2018-02-09 06:54:00','2019-06-11 07:54:07'),(68,'Chelsey','Cronin','sapiente','esse','2015-07-10 06:21:26','2021-03-21 13:43:03'),(69,'Buford','Renner','adipisci','unde','2012-05-17 08:56:41','2018-03-03 18:41:03'),(70,'Clarissa','Tromp','totam','natus','2013-10-10 04:32:20','2013-12-05 09:00:41'),(71,'Lester','Littel','aliquam','nemo','2015-10-19 04:31:42','2017-09-20 03:48:16'),(72,'Ophelia','Gusikowski','reprehenderit','eligendi','2017-08-12 19:51:30','2021-03-21 13:43:03'),(73,'Letha','Kerluke','amet','sequi','2012-03-12 07:40:10','2016-06-24 21:35:37'),(74,'Cleo','Veum','quibusdam','alias','2020-06-26 12:46:40','2021-03-21 13:43:03'),(75,'Marisa','Block','officiis','distinctio','2014-02-14 02:41:25','2015-07-15 10:51:41'),(76,'Aliya','Goldner','voluptatum','reprehenderit','2016-02-18 23:30:31','2021-03-21 13:43:03'),(77,'Amiya','Greenholt','ipsum','et','2013-11-13 05:52:22','2021-03-21 13:43:03'),(78,'Marcos','Beatty','inventore','quaerat','2021-02-14 02:34:22','2021-03-21 13:43:03'),(79,'Kira','Kozey','tempora','assumenda','2015-10-18 05:31:36','2017-11-17 17:19:12'),(80,'Willard','Pouros','illo','beatae','2016-03-24 14:38:04','2020-03-30 03:37:12'),(81,'Anais','Buckridge','voluptates','dolore','2020-01-03 19:51:47','2021-03-21 13:43:03'),(82,'Niko','Yundt','voluptate','necessitatibus','2018-06-23 15:02:32','2021-03-21 13:43:03'),(83,'Magali','Rolfson','alias','ut','2012-07-12 03:25:03','2017-01-08 06:26:11'),(84,'Micheal','Schamberger','vel','necessitatibus','2020-11-03 01:48:19','2021-03-21 13:43:03'),(85,'Malachi','Grady','quasi','odit','2012-02-18 18:22:06','2014-12-18 17:03:05'),(86,'Margarett','Yundt','dicta','quibusdam','2014-12-23 13:03:28','2020-06-05 00:57:13'),(87,'Jordan','Kris','nisi','molestiae','2017-10-14 04:03:38','2021-03-21 13:43:03'),(88,'Nya','Swift','soluta','voluptatem','2019-02-28 04:31:45','2021-03-21 13:43:03'),(89,'Donna','Daugherty','ad','repudiandae','2011-05-03 08:05:51','2019-10-01 17:45:09'),(90,'Salma','Waelchi','fugit','velit','2020-05-26 17:58:20','2021-03-21 13:43:03'),(91,'Herman','Stanton','eaque','dolorum','2013-11-19 12:48:09','2015-09-28 22:55:38'),(92,'Queen','Reichel','explicabo','voluptate','2011-07-10 09:51:03','2019-03-08 00:51:22'),(93,'Tianna','Kilback','maxime','consequatur','2019-06-15 00:22:55','2021-03-21 13:43:03'),(94,'Kendrick','Zulauf','ducimus','itaque','2020-07-29 13:50:34','2021-03-21 13:43:03'),(95,'Shana','Harber','exercitationem','tenetur','2016-11-21 10:41:19','2019-05-26 23:42:41'),(96,'Marge','Heller','dolorem','ea','2017-07-17 20:30:51','2019-04-26 05:47:31'),(97,'Schuyler','Gibson','aliquid','possimus','2012-05-21 13:52:50','2013-12-13 12:54:48'),(98,'Roman','Kiehn','dolorum','quod','2013-05-19 15:32:19','2021-03-21 13:43:03'),(99,'Waylon','O\'Keefe','at','nulla','2016-05-31 00:12:07','2021-03-21 13:43:03'),(100,'Davion','Emard','animi','nostrum','2014-12-09 12:38:26','2017-08-23 21:01:26');
/*!40000 ALTER TABLE `users` ENABLE KEYS */;
UNLOCK TABLES;

--
-- Temporary view structure for view `users_video_posts`
--

DROP TABLE IF EXISTS `users_video_posts`;
/*!50001 DROP VIEW IF EXISTS `users_video_posts`*/;
SET @saved_cs_client     = @@character_set_client;
/*!50503 SET character_set_client = utf8mb4 */;
/*!50001 CREATE VIEW `users_video_posts` AS SELECT 
 1 AS `name`,
 1 AS `sign`,
 1 AS `json`*/;
SET character_set_client = @saved_cs_client;

--
-- Table structure for table `video_posts`
--

DROP TABLE IF EXISTS `video_posts`;
/*!40101 SET @saved_cs_client     = @@character_set_client */;
/*!50503 SET character_set_client = utf8mb4 */;
CREATE TABLE `video_posts` (
  `id` int unsigned NOT NULL AUTO_INCREMENT,
  `user_id` int unsigned NOT NULL,
  `channel_id` int unsigned DEFAULT NULL,
  `head` varchar(255) CHARACTER SET utf8mb4 COLLATE utf8mb4_unicode_ci DEFAULT NULL,
  `metadata` json DEFAULT NULL,
  `is_public` tinyint(1) DEFAULT '1',
  `is_archived` tinyint(1) DEFAULT '0',
  `created_at` datetime DEFAULT CURRENT_TIMESTAMP,
  `updated_at` datetime DEFAULT CURRENT_TIMESTAMP ON UPDATE CURRENT_TIMESTAMP,
  PRIMARY KEY (`id`),
  KEY `video_post_user_id_fk` (`user_id`),
  KEY `video_post_channel_id_fk` (`channel_id`),
  CONSTRAINT `video_post_channel_id_fk` FOREIGN KEY (`channel_id`) REFERENCES `channels` (`id`),
  CONSTRAINT `video_post_user_id_fk` FOREIGN KEY (`user_id`) REFERENCES `users` (`id`),
  CONSTRAINT `video_posts_chk_1` CHECK (json_valid(`metadata`))
) ENGINE=InnoDB AUTO_INCREMENT=101 DEFAULT CHARSET=utf8mb4 COLLATE=utf8mb4_unicode_ci;
/*!40101 SET character_set_client = @saved_cs_client */;

--
-- Dumping data for table `video_posts`
--

LOCK TABLES `video_posts` WRITE;
/*!40000 ALTER TABLE `video_posts` DISABLE KEYS */;
INSERT INTO `video_posts` VALUES (1,81,10,'labore','{\"owner\": \"Anais Buckridge\"}',0,0,'2018-07-20 09:04:34','2021-03-20 22:41:57'),(2,60,5,'optio','{\"owner\": \"Maximillian McDermott\"}',1,1,'2012-12-12 03:09:40','2021-03-20 22:41:57'),(3,99,11,'mollitia','{\"owner\": \"Waylon O\'Keefe\"}',1,0,'2012-04-07 17:59:28','2021-03-20 22:41:57'),(4,4,17,'dolorem','{\"owner\": \"Tod Schowalter\"}',1,0,'2017-05-24 14:38:51','2021-03-20 22:41:57'),(5,13,2,'occaecati','{\"owner\": \"Celine Lindgren\"}',1,1,'2013-04-03 13:04:47','2021-03-20 22:41:57'),(6,14,12,'delectus','{\"owner\": \"Malvina Stokes\"}',0,0,'2016-02-18 12:18:10','2021-03-20 22:41:57'),(7,82,18,'quod','{\"owner\": \"Niko Yundt\"}',0,1,'2019-07-23 05:43:47','2021-03-20 22:41:57'),(8,83,5,'eum','{\"owner\": \"Magali Rolfson\"}',1,0,'2016-11-09 08:23:16','2021-03-20 22:41:57'),(9,11,15,'inventore','{\"owner\": \"Gideon Schamberger\"}',0,0,'2015-09-03 21:46:12','2021-03-20 22:41:57'),(10,44,1,'ut','{\"owner\": \"Zachariah Wyman\"}',1,1,'2020-07-15 09:02:53','2021-03-20 22:41:57'),(11,24,20,'optio','{\"owner\": \"Nina Marquardt\"}',1,1,'2020-12-07 11:50:08','2021-03-20 22:41:57'),(12,24,8,'ipsa','{\"owner\": \"Nina Marquardt\"}',0,0,'2012-06-11 05:07:34','2021-03-20 22:41:57'),(13,87,15,'nostrum','{\"owner\": \"Jordan Kris\"}',1,0,'2014-10-10 03:06:22','2021-03-20 22:41:57'),(14,45,13,'ducimus','{\"owner\": \"Lilian Conn\"}',0,1,'2020-01-25 14:18:41','2021-03-20 22:41:57'),(15,66,15,'officia','{\"owner\": \"Camila Hyatt\"}',1,1,'2015-01-07 04:38:22','2021-03-20 22:41:57'),(16,20,4,'ipsam','{\"owner\": \"Yasmeen Schamberger\"}',1,1,'2014-05-17 19:31:50','2021-03-20 22:41:57'),(17,61,5,'nisi','{\"owner\": \"Shad Torp\"}',0,1,'2019-08-14 14:53:28','2021-03-20 22:41:57'),(18,17,18,'molestias','{\"owner\": \"Aliza Halvorson\"}',0,0,'2015-02-11 08:41:12','2021-03-20 22:41:57'),(19,69,12,'qui','{\"owner\": \"Buford Renner\"}',1,1,'2017-10-16 05:13:53','2021-03-20 22:41:57'),(20,61,4,'repellat','{\"owner\": \"Shad Torp\"}',0,0,'2021-01-24 17:26:08','2021-03-20 22:41:57'),(21,100,11,'ut','{\"owner\": \"Davion Emard\"}',1,1,'2018-11-30 05:38:09','2021-03-20 22:41:57'),(22,64,10,'est','{\"owner\": \"Lottie Turcotte\"}',0,0,'2013-02-12 09:28:30','2021-03-20 22:41:57'),(23,33,4,'nihil','{\"owner\": \"Terrill Wisoky\"}',0,1,'2018-03-18 05:03:36','2021-03-20 22:41:57'),(24,33,11,'nulla','{\"owner\": \"Terrill Wisoky\"}',0,1,'2013-10-23 23:34:35','2021-03-20 22:41:57'),(25,69,7,'voluptates','{\"owner\": \"Buford Renner\"}',1,1,'2016-06-19 15:57:51','2021-03-20 22:41:57'),(26,10,16,'consequatur','{\"owner\": \"Orion Sauer\"}',0,1,'2020-08-27 18:53:06','2021-03-20 22:41:57'),(27,26,8,'velit','{\"owner\": \"Estella Keeling\"}',0,1,'2021-01-01 05:25:04','2021-03-20 22:41:57'),(28,79,13,'et','{\"owner\": \"Kira Kozey\"}',0,1,'2013-11-23 10:30:08','2021-03-20 22:41:57'),(29,69,1,'nam','{\"owner\": \"Buford Renner\"}',0,1,'2011-12-01 14:32:14','2021-03-20 22:41:57'),(30,25,16,'et','{\"owner\": \"Dereck Wilkinson\"}',1,1,'2017-05-17 03:17:59','2021-03-20 22:41:57'),(31,8,4,'inventore','{\"owner\": \"Ryder Robel\"}',1,0,'2013-01-04 04:16:12','2021-03-20 22:41:57'),(32,35,16,'aut','{\"owner\": \"Virgil Rice\"}',1,1,'2016-05-31 16:27:42','2021-03-20 22:41:57'),(33,75,18,'voluptate','{\"owner\": \"Marisa Block\"}',1,0,'2013-07-06 14:19:36','2021-03-20 22:41:57'),(34,44,12,'minima','{\"owner\": \"Zachariah Wyman\"}',0,0,'2013-06-17 09:34:28','2021-03-20 22:41:57'),(35,71,16,'minima','{\"owner\": \"Lester Littel\"}',0,0,'2015-10-04 04:50:41','2021-03-20 22:41:57'),(36,64,15,'neque','{\"owner\": \"Lottie Turcotte\"}',1,0,'2011-09-03 06:49:22','2021-03-20 22:41:57'),(37,25,9,'sed','{\"owner\": \"Dereck Wilkinson\"}',0,0,'2016-08-18 15:40:16','2021-03-20 22:41:57'),(38,28,7,'labore','{\"owner\": \"Lucy Klein\"}',1,0,'2018-08-15 00:52:53','2021-03-20 22:41:57'),(39,89,17,'tenetur','{\"owner\": \"Donna Daugherty\"}',1,0,'2015-12-28 04:09:46','2021-03-20 22:41:57'),(40,4,12,'occaecati','{\"owner\": \"Tod Schowalter\"}',0,1,'2014-02-09 12:25:34','2021-03-20 22:41:57'),(41,13,18,'fuga','{\"owner\": \"Celine Lindgren\"}',1,0,'2015-01-15 05:53:17','2021-03-20 22:41:57'),(42,50,18,'consequatur','{\"owner\": \"Lavon Nienow\"}',1,1,'2020-12-18 18:23:17','2021-03-20 22:41:57'),(43,72,20,'nostrum','{\"owner\": \"Ophelia Gusikowski\"}',1,1,'2020-07-03 17:01:41','2021-03-20 22:41:57'),(44,54,5,'magni','{\"owner\": \"Toy Reynolds\"}',0,1,'2015-06-17 09:41:47','2021-03-20 22:41:57'),(45,88,20,'facilis','{\"owner\": \"Nya Swift\"}',1,1,'2020-09-01 04:50:49','2021-03-20 22:41:57'),(46,11,2,'magnam','{\"owner\": \"Gideon Schamberger\"}',1,0,'2017-09-20 20:17:52','2021-03-20 22:41:57'),(47,90,20,'consequatur','{\"owner\": \"Salma Waelchi\"}',1,1,'2015-09-06 11:22:10','2021-03-20 22:41:57'),(48,2,2,'at','{\"owner\": \"Yasmine Pouros\"}',0,1,'2020-02-28 22:03:32','2021-03-20 22:41:57'),(49,68,15,'doloribus','{\"owner\": \"Chelsey Cronin\"}',1,0,'2020-08-25 09:00:00','2021-03-20 22:41:57'),(50,38,16,'corporis','{\"owner\": \"Aurelie Weissnat\"}',0,1,'2013-01-20 14:07:39','2021-03-20 22:41:57'),(51,83,12,'et','{\"owner\": \"Magali Rolfson\"}',1,1,'2014-01-18 07:30:41','2021-03-20 22:41:57'),(52,26,3,'et','{\"owner\": \"Estella Keeling\"}',0,1,'2019-11-11 18:16:11','2021-03-20 22:41:57'),(53,100,17,'rerum','{\"owner\": \"Davion Emard\"}',0,1,'2012-10-25 06:02:48','2021-03-20 22:41:57'),(54,56,15,'amet','{\"owner\": \"Marcel Ankunding\"}',1,0,'2016-11-25 13:26:19','2021-03-20 22:41:57'),(55,50,18,'iure','{\"owner\": \"Lavon Nienow\"}',1,1,'2019-05-05 12:51:10','2021-03-20 22:41:57'),(56,42,8,'quasi','{\"owner\": \"Annamarie Rau\"}',0,0,'2011-12-27 09:24:14','2021-03-20 22:41:57'),(57,86,12,'aut','{\"owner\": \"Margarett Yundt\"}',0,1,'2013-07-02 02:13:19','2021-03-20 22:41:57'),(58,3,1,'et','{\"owner\": \"Ricky Gibson\"}',1,1,'2016-12-26 06:32:28','2021-03-20 22:41:57'),(59,26,20,'natus','{\"owner\": \"Estella Keeling\"}',1,1,'2019-07-27 03:29:32','2021-03-20 22:41:57'),(60,86,1,'explicabo','{\"owner\": \"Margarett Yundt\"}',0,0,'2017-11-01 11:14:05','2021-03-20 22:41:57'),(61,69,1,'assumenda','{\"owner\": \"Buford Renner\"}',0,1,'2016-08-03 04:52:34','2021-03-20 22:41:57'),(62,48,6,'corrupti','{\"owner\": \"Willie Schaefer\"}',1,0,'2011-09-22 12:06:58','2021-03-20 22:41:57'),(63,35,16,'quisquam','{\"owner\": \"Virgil Rice\"}',1,1,'2011-11-18 08:41:15','2021-03-20 22:41:57'),(64,16,2,'ab','{\"owner\": \"Bettye Smith\"}',0,1,'2016-09-26 23:57:38','2021-03-20 22:41:57'),(65,49,6,'ex','{\"owner\": \"Vincenzo Romaguera\"}',0,0,'2014-12-22 05:33:02','2021-03-20 22:41:57'),(66,91,15,'modi','{\"owner\": \"Herman Stanton\"}',0,1,'2012-01-12 21:59:56','2021-03-20 22:41:57'),(67,98,17,'exercitationem','{\"owner\": \"Roman Kiehn\"}',1,1,'2011-06-18 08:16:12','2021-03-20 22:41:57'),(68,55,3,'necessitatibus','{\"owner\": \"Dominique Hessel\"}',1,1,'2020-10-27 15:50:07','2021-03-20 22:41:57'),(69,100,17,'voluptatem','{\"owner\": \"Davion Emard\"}',1,1,'2013-04-18 12:04:05','2021-03-20 22:41:57'),(70,33,9,'eius','{\"owner\": \"Terrill Wisoky\"}',1,1,'2011-07-26 22:57:05','2021-03-20 22:41:57'),(71,13,18,'adipisci','{\"owner\": \"Celine Lindgren\"}',1,1,'2018-04-23 22:11:22','2021-03-20 22:41:57'),(72,2,9,'est','{\"owner\": \"Yasmine Pouros\"}',1,1,'2020-07-30 05:19:06','2021-03-20 22:41:57'),(73,13,20,'perspiciatis','{\"owner\": \"Celine Lindgren\"}',1,1,'2020-05-12 17:25:56','2021-03-20 22:41:57'),(74,47,9,'aut','{\"owner\": \"Rudy Becker\"}',0,1,'2020-02-14 07:05:26','2021-03-20 22:41:57'),(75,12,8,'placeat','{\"owner\": \"Felipa O\'Conner\"}',0,0,'2014-03-02 15:29:59','2021-03-20 22:41:57'),(76,61,5,'ut','{\"owner\": \"Shad Torp\"}',1,1,'2020-09-29 19:28:42','2021-03-20 22:41:57'),(77,100,5,'natus','{\"owner\": \"Davion Emard\"}',0,0,'2018-06-11 14:56:07','2021-03-20 22:41:57'),(78,60,10,'inventore','{\"owner\": \"Maximillian McDermott\"}',1,0,'2012-11-01 00:55:24','2021-03-20 22:41:57'),(79,20,8,'laboriosam','{\"owner\": \"Yasmeen Schamberger\"}',1,0,'2011-11-05 10:46:49','2021-03-20 22:41:57'),(80,66,15,'molestiae','{\"owner\": \"Camila Hyatt\"}',0,1,'2020-05-07 23:19:18','2021-03-20 22:41:57'),(81,76,6,'officiis','{\"owner\": \"Aliya Goldner\"}',0,0,'2018-05-11 14:54:34','2021-03-20 22:41:57'),(82,27,9,'ut','{\"owner\": \"Merritt Rodriguez\"}',1,1,'2018-08-12 05:36:32','2021-03-20 22:41:57'),(83,100,13,'in','{\"owner\": \"Davion Emard\"}',0,0,'2016-01-24 14:27:25','2021-03-20 22:41:57'),(84,46,7,'est','{\"owner\": \"Eileen Gorczany\"}',0,0,'2019-02-05 21:39:38','2021-03-20 22:41:57'),(85,56,2,'fugiat','{\"owner\": \"Marcel Ankunding\"}',1,0,'2020-04-21 18:02:20','2021-03-20 22:41:57'),(86,96,16,'dignissimos','{\"owner\": \"Marge Heller\"}',0,0,'2019-08-29 04:19:11','2021-03-20 22:41:57'),(87,53,8,'ex','{\"owner\": \"Marion Terry\"}',1,0,'2012-06-20 03:42:48','2021-03-20 22:41:57'),(88,53,3,'voluptatibus','{\"owner\": \"Marion Terry\"}',1,0,'2016-02-12 23:59:07','2021-03-20 22:41:57'),(89,83,15,'nulla','{\"owner\": \"Magali Rolfson\"}',0,1,'2018-06-16 21:00:48','2021-03-20 22:41:57'),(90,36,9,'expedita','{\"owner\": \"Billy Rempel\"}',1,1,'2012-01-02 19:40:08','2021-03-20 22:41:57'),(91,38,13,'accusantium','{\"owner\": \"Aurelie Weissnat\"}',0,1,'2015-08-31 12:13:10','2021-03-20 22:41:57'),(92,10,11,'numquam','{\"owner\": \"Orion Sauer\"}',0,0,'2012-02-10 06:34:42','2021-03-20 22:41:57'),(93,19,5,'corporis','{\"owner\": \"Nasir Dietrich\"}',1,0,'2011-07-19 11:05:09','2021-03-20 22:41:57'),(94,80,18,'expedita','{\"owner\": \"Willard Pouros\"}',1,1,'2016-09-10 19:09:17','2021-03-20 22:41:57'),(95,51,20,'asperiores','{\"owner\": \"Damion Connelly\"}',1,0,'2014-09-17 16:11:57','2021-03-20 22:41:57'),(96,72,18,'animi','{\"owner\": \"Ophelia Gusikowski\"}',0,1,'2014-03-15 14:06:22','2021-03-20 22:41:57'),(97,94,13,'nobis','{\"owner\": \"Kendrick Zulauf\"}',0,0,'2012-06-19 19:46:31','2021-03-20 22:41:57'),(98,45,12,'animi','{\"owner\": \"Lilian Conn\"}',0,0,'2019-02-11 12:03:18','2021-03-20 22:41:57'),(99,88,18,'sint','{\"owner\": \"Nya Swift\"}',1,1,'2014-11-07 02:15:11','2021-03-20 22:41:57'),(100,89,11,'laboriosam','{\"owner\": \"Donna Daugherty\"}',0,0,'2016-02-08 12:54:18','2021-03-20 22:41:57');
/*!40000 ALTER TABLE `video_posts` ENABLE KEYS */;
UNLOCK TABLES;

--
-- Table structure for table `video_profiles`
--

DROP TABLE IF EXISTS `video_profiles`;
/*!40101 SET @saved_cs_client     = @@character_set_client */;
/*!50503 SET character_set_client = utf8mb4 */;
CREATE TABLE `video_profiles` (
  `video_posts_id` int unsigned NOT NULL,
  `name` varchar(255) CHARACTER SET utf8mb4 COLLATE utf8mb4_unicode_ci NOT NULL,
  `created_at` datetime DEFAULT CURRENT_TIMESTAMP,
  `updated_at` datetime DEFAULT CURRENT_TIMESTAMP ON UPDATE CURRENT_TIMESTAMP,
  PRIMARY KEY (`video_posts_id`),
  UNIQUE KEY `name` (`name`),
  CONSTRAINT `video_profile_video_post_id_fk` FOREIGN KEY (`video_posts_id`) REFERENCES `video_posts` (`id`)
) ENGINE=InnoDB DEFAULT CHARSET=utf8mb4 COLLATE=utf8mb4_unicode_ci;
/*!40101 SET character_set_client = @saved_cs_client */;

--
-- Dumping data for table `video_profiles`
--

LOCK TABLES `video_profiles` WRITE;
/*!40000 ALTER TABLE `video_profiles` DISABLE KEYS */;
INSERT INTO `video_profiles` VALUES (1,'http://Youtube.net/content/quisquam','2018-11-17 03:31:33','2021-03-21 18:58:59'),(2,'http://Youtube.net/content/cumque','2012-10-27 18:13:00','2021-03-21 18:58:59'),(3,'http://Youtube.net/content/libero','2017-12-21 12:02:44','2021-03-21 18:58:59'),(4,'http://Youtube.net/content/voluptatem','2011-12-31 08:13:49','2021-03-21 18:58:59'),(5,'http://Youtube.net/content/dignissimos','2015-10-09 04:14:12','2021-03-21 18:58:59'),(6,'http://Youtube.net/content/maiores','2019-09-18 10:36:56','2021-03-21 18:58:59'),(7,'http://Youtube.net/content/assumenda','2013-01-31 08:18:59','2021-03-21 18:58:59'),(8,'http://Youtube.net/content/exercitationem','2019-12-23 22:10:48','2021-03-21 18:58:59'),(9,'http://Youtube.net/content/voluptatum','2019-01-31 23:22:22','2021-03-21 18:58:59'),(10,'http://Youtube.net/content/qui','2020-08-18 18:31:31','2021-03-21 18:58:59'),(11,'http://Youtube.net/content/beatae','2012-01-26 11:57:30','2021-03-21 18:58:59'),(12,'http://Youtube.net/content/quasi','2020-12-28 13:02:13','2021-03-21 18:58:59'),(13,'http://Youtube.net/content/sed','2017-10-22 21:54:58','2021-03-21 18:58:59'),(14,'http://Youtube.net/content/porro','2019-12-23 05:31:34','2021-03-21 18:58:59'),(15,'http://Youtube.net/content/quidem','2016-01-16 17:06:15','2021-03-21 18:58:59'),(16,'http://Youtube.net/content/debitis','2019-04-20 01:31:18','2021-03-21 18:58:59'),(17,'http://Youtube.net/content/modi','2020-06-30 07:21:33','2021-03-21 18:58:59'),(18,'http://Youtube.net/content/rerum','2014-08-16 07:46:45','2021-03-21 18:58:59'),(19,'http://Youtube.net/content/fuga','2019-04-21 00:55:16','2021-03-21 18:58:59'),(20,'http://Youtube.net/content/et','2015-11-07 02:06:43','2021-03-21 18:58:59'),(21,'http://Youtube.net/content/vel','2015-05-29 16:56:14','2021-03-21 18:58:59'),(22,'http://Youtube.net/content/consequatur','2015-10-28 13:17:47','2021-03-21 18:58:59'),(23,'http://Youtube.net/content/fugiat','2012-04-25 12:26:22','2021-03-21 18:58:59'),(24,'http://Youtube.net/content/mollitia','2021-02-24 13:40:09','2021-03-21 18:58:59'),(25,'http://Youtube.net/content/consequuntur','2013-02-26 13:36:29','2021-03-21 18:58:59'),(26,'http://Youtube.net/content/provident','2011-11-29 07:38:13','2021-03-21 18:58:59'),(27,'http://Youtube.net/content/esse','2019-10-11 05:38:11','2021-03-21 18:58:59'),(28,'http://Youtube.net/content/asperiores','2017-03-13 14:30:24','2021-03-21 18:58:59'),(29,'http://Youtube.net/content/repudiandae','2014-09-15 18:41:12','2021-03-21 18:58:59'),(30,'http://Youtube.net/content/at','2016-08-26 16:30:32','2021-03-21 18:58:59'),(31,'http://Youtube.net/content/cum','2014-01-24 23:04:47','2021-03-21 18:58:59'),(32,'http://Youtube.net/content/deleniti','2015-09-18 04:55:12','2021-03-21 18:58:59'),(33,'http://Youtube.net/content/error','2014-09-15 05:43:53','2021-03-21 18:58:59'),(34,'http://Youtube.net/content/ut','2019-07-07 22:35:01','2021-03-21 18:58:59'),(35,'http://Youtube.net/content/cupiditate','2019-08-22 15:33:55','2021-03-21 18:58:59'),(36,'http://Youtube.net/content/aperiam','2011-04-07 21:21:58','2021-03-21 18:58:59'),(37,'http://Youtube.net/content/labore','2018-11-02 02:42:55','2021-03-21 18:58:59'),(38,'http://Youtube.net/content/impedit','2017-02-26 18:49:49','2021-03-21 18:58:59'),(39,'http://Youtube.net/content/harum','2019-10-01 17:44:27','2021-03-21 18:58:59'),(40,'http://Youtube.net/content/quae','2011-12-08 07:06:00','2021-03-21 18:58:59'),(41,'http://Youtube.net/content/placeat','2019-05-05 09:24:24','2021-03-21 18:58:59'),(42,'http://Youtube.net/content/nesciunt','2016-05-17 11:59:11','2021-03-21 18:58:59'),(43,'http://Youtube.net/content/sit','2014-08-06 02:23:11','2021-03-21 18:58:59'),(44,'http://Youtube.net/content/ea','2020-11-21 02:36:03','2021-03-21 18:58:59'),(45,'http://Youtube.net/content/sapiente','2012-09-04 09:46:24','2021-03-21 18:58:59'),(46,'http://Youtube.net/content/ratione','2011-09-21 03:20:04','2021-03-21 18:58:59'),(47,'http://Youtube.net/content/rem','2017-03-06 14:07:00','2021-03-21 18:58:59'),(48,'http://Youtube.net/content/iste','2014-03-06 16:03:08','2021-03-21 18:58:59'),(49,'http://Youtube.net/content/dolorum','2019-09-12 16:16:40','2021-03-21 18:58:59'),(50,'http://Youtube.net/content/nulla','2012-03-06 08:29:23','2021-03-21 18:58:59'),(51,'http://Youtube.net/content/aliquid','2015-01-29 10:13:32','2021-03-21 18:58:59'),(52,'http://Youtube.net/content/quos','2019-08-29 10:52:23','2021-03-21 18:58:59'),(53,'http://Youtube.net/content/itaque','2017-03-22 15:10:43','2021-03-21 18:58:59'),(54,'http://Youtube.net/content/enim','2013-01-17 05:43:43','2021-03-21 18:58:59'),(55,'http://Youtube.net/content/iure','2014-03-14 08:05:53','2021-03-21 18:58:59'),(56,'http://Youtube.net/content/consectetur','2018-12-30 00:31:12','2021-03-21 18:58:59'),(57,'http://Youtube.net/content/ab','2017-08-26 16:11:52','2021-03-21 18:58:59'),(58,'http://Youtube.net/content/velit','2014-07-04 07:16:15','2021-03-21 18:58:59'),(59,'http://Youtube.net/content/accusamus','2018-07-17 14:32:16','2021-03-21 18:58:59'),(60,'http://Youtube.net/content/omnis','2021-01-31 14:32:21','2021-03-21 18:58:59'),(61,'http://Youtube.net/content/a','2013-03-01 02:57:15','2021-03-21 18:58:59'),(62,'http://Youtube.net/content/soluta','2013-02-02 14:32:24','2021-03-21 18:58:59'),(63,'http://Youtube.net/content/excepturi','2019-09-29 12:23:43','2021-03-21 18:58:59'),(64,'http://Youtube.net/content/dolores','2019-04-12 00:17:15','2021-03-21 18:58:59'),(65,'http://Youtube.net/content/est','2012-05-27 15:16:13','2021-03-21 18:58:59'),(66,'http://Youtube.net/content/temporibus','2017-10-31 15:51:22','2021-03-21 18:58:59'),(67,'http://Youtube.net/content/eius','2017-10-13 03:21:17','2021-03-21 18:58:59'),(68,'http://Youtube.net/content/voluptate','2020-11-25 09:02:40','2021-03-21 18:58:59'),(69,'http://Youtube.net/content/veritatis','2019-07-13 22:58:53','2021-03-21 18:58:59'),(70,'http://Youtube.net/content/eum','2015-05-05 07:05:45','2021-03-21 18:58:59'),(71,'http://Youtube.net/content/animi','2017-06-08 09:32:27','2021-03-21 18:58:59'),(72,'http://Youtube.net/content/minus','2018-04-13 22:06:55','2021-03-21 18:58:59'),(73,'http://Youtube.net/content/tenetur','2017-05-13 04:19:56','2021-03-21 18:58:59'),(74,'http://Youtube.net/content/possimus','2014-11-18 06:02:22','2021-03-21 18:58:59'),(75,'http://Youtube.net/content/optio','2013-09-24 16:20:43','2021-03-21 18:58:59'),(76,'http://Youtube.net/content/totam','2019-06-02 22:00:25','2021-03-21 18:58:59'),(77,'http://Youtube.net/content/natus','2015-02-28 05:07:54','2021-03-21 18:58:59'),(78,'http://Youtube.net/content/dolor','2017-08-04 21:21:51','2021-03-21 18:58:59'),(79,'http://Youtube.net/content/molestias','2013-01-10 13:01:19','2021-03-21 18:58:59'),(80,'http://Youtube.net/content/alias','2020-11-23 02:11:56','2021-03-21 18:58:59'),(81,'http://Youtube.net/content/non','2016-10-24 02:09:38','2021-03-21 18:58:59'),(82,'http://Youtube.net/content/odit','2016-09-08 21:22:56','2021-03-21 18:58:59'),(83,'http://Youtube.net/content/quia','2018-09-27 12:47:26','2021-03-21 18:58:59'),(84,'http://Youtube.net/content/quas','2019-04-28 03:36:33','2021-03-21 18:58:59'),(85,'http://Youtube.net/content/officia','2013-08-13 18:18:43','2021-03-21 18:58:59'),(86,'http://Youtube.net/content/distinctio','2018-12-13 00:14:19','2021-03-21 18:58:59'),(87,'http://Youtube.net/content/voluptas','2015-09-24 11:00:46','2021-03-21 18:58:59'),(88,'http://Youtube.net/content/eveniet','2015-04-26 12:58:15','2021-03-21 18:58:59'),(89,'http://Youtube.net/content/sequi','2014-03-16 00:05:43','2021-03-21 18:58:59'),(90,'http://Youtube.net/content/dolorem','2020-05-29 07:07:42','2021-03-21 18:58:59'),(91,'http://Youtube.net/content/culpa','2014-12-30 18:01:07','2021-03-21 18:58:59'),(92,'http://Youtube.net/content/atque','2015-12-17 01:26:42','2021-03-21 18:58:59'),(93,'http://Youtube.net/content/fugit','2014-09-23 06:53:22','2021-03-21 18:58:59'),(94,'http://Youtube.net/content/autem','2017-03-14 20:07:38','2021-03-21 18:58:59'),(95,'http://Youtube.net/content/reiciendis','2018-05-30 20:38:36','2021-03-21 18:58:59'),(96,'http://Youtube.net/content/dolore','2013-07-31 06:12:29','2021-03-21 18:58:59'),(97,'http://Youtube.net/content/eos','2014-08-05 22:32:16','2021-03-21 18:58:59'),(98,'http://Youtube.net/content/laboriosam','2012-06-14 17:31:27','2021-03-21 18:58:59'),(99,'http://Youtube.net/content/aut','2015-04-19 15:47:39','2021-03-21 18:58:59'),(100,'http://Youtube.net/content/minima','2019-09-01 20:49:30','2021-03-21 18:58:59');
/*!40000 ALTER TABLE `video_profiles` ENABLE KEYS */;
UNLOCK TABLES;

--
-- Table structure for table `video_qualities`
--

DROP TABLE IF EXISTS `video_qualities`;
/*!40101 SET @saved_cs_client     = @@character_set_client */;
/*!50503 SET character_set_client = utf8mb4 */;
CREATE TABLE `video_qualities` (
  `id` int unsigned NOT NULL AUTO_INCREMENT,
  `video_profiles_id` int unsigned NOT NULL,
  `size` int NOT NULL,
  `quality` enum('144p','240p','360p','480p','720p','1080p') CHARACTER SET utf8mb4 COLLATE utf8mb4_unicode_ci DEFAULT NULL,
  `created_at` datetime DEFAULT CURRENT_TIMESTAMP,
  `updated_at` datetime DEFAULT CURRENT_TIMESTAMP ON UPDATE CURRENT_TIMESTAMP,
  PRIMARY KEY (`id`),
  KEY `video_qual_video_prof_fk` (`video_profiles_id`),
  CONSTRAINT `video_qual_video_prof_fk` FOREIGN KEY (`video_profiles_id`) REFERENCES `video_profiles` (`video_posts_id`)
) ENGINE=InnoDB AUTO_INCREMENT=301 DEFAULT CHARSET=utf8mb4 COLLATE=utf8mb4_unicode_ci;
/*!40101 SET character_set_client = @saved_cs_client */;

--
-- Dumping data for table `video_qualities`
--

LOCK TABLES `video_qualities` WRITE;
/*!40000 ALTER TABLE `video_qualities` DISABLE KEYS */;
INSERT INTO `video_qualities` VALUES (1,60,818259,'240p','2012-10-13 13:13:41','2021-03-21 14:09:52'),(2,91,266391,'1080p','2020-03-12 06:13:34','2021-03-21 14:11:52'),(3,61,691496,'720p','2017-11-17 20:09:48','2021-03-21 14:12:14'),(4,56,70747,'480p','2012-09-21 03:02:14','2021-03-21 14:12:18'),(5,3,900740,'720p','2012-04-10 18:59:09','2021-03-21 14:12:14'),(6,22,493498,'144p','2017-01-27 21:39:40','2021-03-21 14:09:00'),(7,73,72870,'144p','2012-03-15 08:53:16','2021-03-21 14:09:00'),(8,33,428413,'720p','2011-05-09 04:49:16','2021-03-21 14:12:14'),(9,36,727934,'360p','2018-09-07 04:30:20','2021-03-21 14:10:34'),(10,9,557408,'480p','2013-07-27 14:06:57','2021-03-21 14:12:18'),(11,23,25969,'1080p','2020-12-05 16:23:58','2021-03-21 14:11:52'),(12,30,320670,'1080p','2014-05-20 02:32:49','2021-03-21 14:11:52'),(13,22,950966,'360p','2020-04-08 08:09:14','2021-03-21 14:10:34'),(14,73,570729,'360p','2018-12-10 11:21:46','2021-03-21 14:10:34'),(15,58,868772,'240p','2021-03-01 09:26:48','2021-03-21 14:09:52'),(16,42,883757,'144p','2012-05-21 20:20:07','2021-03-21 14:09:00'),(17,89,450,'360p','2014-01-30 16:55:10','2021-03-21 14:10:34'),(18,73,888883,'240p','2013-03-27 06:44:27','2021-03-21 14:09:52'),(19,50,289760,'360p','2013-12-09 10:57:38','2021-03-21 14:10:34'),(20,56,574399,'480p','2020-07-24 12:32:14','2021-03-21 14:12:18'),(21,3,199372,'480p','2012-03-07 14:34:22','2021-03-21 14:12:18'),(22,9,447150,'360p','2018-06-30 02:03:21','2021-03-21 14:10:34'),(23,52,837900,'240p','2012-06-19 23:23:35','2021-03-21 14:09:52'),(24,13,273262,'480p','2014-05-03 09:06:46','2021-03-21 14:12:18'),(25,9,200076,'144p','2021-01-06 09:52:53','2021-03-21 14:09:00'),(26,98,366173,'360p','2015-05-03 08:53:07','2021-03-21 14:10:34'),(27,45,515444,'1080p','2020-02-14 12:13:10','2021-03-21 14:11:52'),(28,93,439043,'720p','2013-09-03 20:36:50','2021-03-21 14:12:14'),(29,74,605209,'1080p','2015-01-04 20:57:48','2021-03-21 14:11:52'),(30,83,522650,'240p','2015-04-18 04:24:51','2021-03-21 14:09:52'),(31,91,909178,'720p','2019-01-26 12:56:58','2021-03-21 14:12:14'),(32,84,469713,'1080p','2019-05-29 22:36:56','2021-03-21 14:11:52'),(33,96,767796,'480p','2011-11-23 01:33:18','2021-03-21 14:12:18'),(34,6,522940,'1080p','2015-08-10 20:25:18','2021-03-21 14:11:52'),(35,72,349008,'144p','2020-09-08 05:16:54','2021-03-21 14:09:00'),(36,32,227961,'720p','2019-06-27 07:14:18','2021-03-21 14:12:14'),(37,28,144713,'144p','2021-02-20 01:02:24','2021-03-21 14:09:00'),(38,24,411473,'720p','2014-11-25 20:30:28','2021-03-21 14:12:14'),(39,29,489115,'360p','2016-03-27 00:56:53','2021-03-21 14:10:34'),(40,66,372681,'720p','2014-11-01 19:17:18','2021-03-21 14:12:14'),(41,56,99350,'240p','2021-01-19 14:27:52','2021-03-21 14:09:52'),(42,67,195562,'1080p','2015-08-29 12:20:09','2021-03-21 14:11:52'),(43,5,398992,'1080p','2018-12-11 22:19:59','2021-03-21 14:11:52'),(44,45,346754,'360p','2013-08-04 13:06:26','2021-03-21 14:10:34'),(45,69,398272,'1080p','2014-11-07 12:18:34','2021-03-21 14:11:52'),(46,33,628187,'720p','2019-04-07 17:07:04','2021-03-21 14:12:14'),(47,37,928604,'240p','2020-06-20 02:06:34','2021-03-21 14:09:52'),(48,34,784384,'1080p','2018-02-11 10:35:35','2021-03-21 14:11:52'),(49,66,22091,'720p','2020-01-05 17:44:15','2021-03-21 14:12:14'),(50,99,717107,'1080p','2017-08-01 06:57:04','2021-03-21 14:11:52'),(51,27,225096,'720p','2012-08-21 05:21:53','2021-03-21 14:12:14'),(52,14,222383,'1080p','2019-06-26 04:36:58','2021-03-21 14:11:52'),(53,33,18794,'480p','2017-09-22 23:56:51','2021-03-21 14:12:18'),(54,75,790182,'480p','2017-08-04 06:15:22','2021-03-21 14:12:18'),(55,74,344767,'240p','2012-06-20 22:27:54','2021-03-21 14:09:52'),(56,45,937824,'240p','2017-01-26 02:13:12','2021-03-21 14:09:52'),(57,95,654621,'240p','2018-02-12 02:15:21','2021-03-21 14:09:52'),(58,69,266129,'360p','2011-08-18 02:47:39','2021-03-21 14:10:34'),(59,96,290081,'360p','2018-03-12 19:34:39','2021-03-21 14:10:34'),(60,82,459434,'240p','2020-02-08 05:28:29','2021-03-21 14:09:52'),(61,32,950595,'1080p','2015-11-18 23:33:07','2021-03-21 14:11:52'),(62,44,676440,'144p','2013-10-12 13:54:54','2021-03-21 14:09:00'),(63,73,333108,'240p','2019-06-22 11:59:51','2021-03-21 14:09:52'),(64,85,75827,'1080p','2019-12-15 04:37:46','2021-03-21 14:11:52'),(65,53,894129,'480p','2018-05-26 02:08:03','2021-03-21 14:12:18'),(66,13,517351,'1080p','2018-04-08 20:51:56','2021-03-21 14:11:52'),(67,4,99700,'480p','2018-07-29 08:23:14','2021-03-21 14:12:18'),(68,94,349275,'1080p','2012-05-09 05:21:33','2021-03-21 14:11:52'),(69,57,287039,'240p','2013-12-28 11:26:02','2021-03-21 14:09:52'),(70,66,435670,'240p','2016-08-23 15:41:20','2021-03-21 14:09:52'),(71,32,184321,'1080p','2016-02-10 10:25:20','2021-03-21 14:11:52'),(72,65,651721,'360p','2017-01-05 15:15:13','2021-03-21 14:10:34'),(73,8,815713,'480p','2017-06-28 03:12:59','2021-03-21 14:12:18'),(74,1,58407,'720p','2015-01-31 02:29:10','2021-03-21 14:12:14'),(75,47,615949,'720p','2011-06-09 10:05:38','2021-03-21 14:12:14'),(76,97,779068,'480p','2018-01-01 09:16:58','2021-03-21 14:12:18'),(77,39,863782,'1080p','2015-03-07 02:46:57','2021-03-21 14:11:52'),(78,75,388063,'360p','2017-02-10 10:38:20','2021-03-21 14:10:34'),(79,30,984853,'360p','2014-04-26 22:33:16','2021-03-21 14:10:34'),(80,33,317032,'240p','2015-11-12 11:06:59','2021-03-21 14:09:52'),(81,58,903724,'720p','2019-03-17 03:46:23','2021-03-21 14:12:14'),(82,33,755945,'1080p','2011-09-30 07:07:53','2021-03-21 14:11:52'),(83,75,277951,'240p','2020-08-25 15:29:56','2021-03-21 14:09:52'),(84,79,759775,'360p','2011-08-15 10:02:28','2021-03-21 14:10:34'),(85,61,447798,'480p','2013-06-27 17:56:55','2021-03-21 14:12:18'),(86,78,438461,'240p','2015-08-30 08:55:25','2021-03-21 14:09:52'),(87,21,844017,'360p','2011-06-08 06:41:44','2021-03-21 14:10:34'),(88,9,901390,'480p','2019-02-16 23:48:43','2021-03-21 14:12:18'),(89,77,358252,'240p','2020-04-13 03:07:01','2021-03-21 14:09:52'),(90,92,163154,'480p','2011-10-30 21:46:05','2021-03-21 14:12:18'),(91,26,669972,'720p','2011-04-10 00:41:29','2021-03-21 14:12:14'),(92,11,475679,'240p','2012-05-26 14:00:21','2021-03-21 14:09:52'),(93,71,940460,'360p','2018-09-19 15:14:28','2021-03-21 14:10:34'),(94,53,303438,'240p','2011-04-07 01:04:23','2021-03-21 14:09:52'),(95,15,947964,'144p','2015-09-30 08:24:52','2021-03-21 14:09:00'),(96,61,710401,'144p','2013-12-09 13:37:25','2021-03-21 14:09:00'),(97,77,708012,'144p','2015-08-06 20:22:36','2021-03-21 14:09:00'),(98,1,178381,'1080p','2015-10-30 21:31:58','2021-03-21 14:11:52'),(99,88,169951,'360p','2012-02-17 05:50:56','2021-03-21 14:10:34'),(100,51,614072,'1080p','2012-09-18 21:52:17','2021-03-21 14:11:52'),(101,69,28076,'360p','2012-11-06 01:28:27','2021-03-21 14:10:34'),(102,12,408758,'144p','2015-02-22 18:24:42','2021-03-21 14:09:00'),(103,81,111203,'480p','2014-08-03 11:30:14','2021-03-21 14:12:18'),(104,64,630227,'360p','2017-12-16 18:33:55','2021-03-21 14:10:34'),(105,26,525214,'1080p','2016-11-14 15:13:37','2021-03-21 14:11:52'),(106,2,89956,'240p','2015-04-21 18:45:49','2021-03-21 14:09:52'),(107,31,539264,'240p','2020-10-24 13:40:12','2021-03-21 14:09:52'),(108,37,637887,'720p','2014-02-15 04:39:14','2021-03-21 14:12:14'),(109,90,66609,'360p','2018-03-03 15:36:44','2021-03-21 14:10:34'),(110,22,442063,'360p','2016-06-17 07:28:38','2021-03-21 14:10:34'),(111,56,178723,'720p','2016-07-09 05:05:24','2021-03-21 14:12:14'),(112,35,919653,'144p','2017-02-09 08:04:30','2021-03-21 14:09:00'),(113,100,371893,'144p','2011-10-26 06:29:15','2021-03-21 14:09:00'),(114,42,426253,'240p','2020-12-15 07:59:59','2021-03-21 14:09:52'),(115,25,513275,'240p','2011-05-24 19:28:35','2021-03-21 14:09:52'),(116,49,287415,'240p','2019-05-22 23:14:50','2021-03-21 14:09:52'),(117,62,773858,'1080p','2016-02-28 02:54:50','2021-03-21 14:11:52'),(118,22,897053,'240p','2012-08-13 12:34:09','2021-03-21 14:09:52'),(119,36,979152,'720p','2011-10-24 13:42:39','2021-03-21 14:12:14'),(120,50,100406,'144p','2015-06-15 20:49:33','2021-03-21 14:09:00'),(121,94,66153,'480p','2017-10-29 23:32:38','2021-03-21 14:12:18'),(122,71,386250,'144p','2018-06-21 23:09:56','2021-03-21 14:09:00'),(123,58,10187,'360p','2014-04-16 13:59:00','2021-03-21 14:10:34'),(124,24,996758,'480p','2021-01-06 12:13:28','2021-03-21 14:12:18'),(125,80,784930,'480p','2020-01-16 04:51:41','2021-03-21 14:12:18'),(126,86,629935,'144p','2020-05-29 22:26:08','2021-03-21 14:09:00'),(127,70,990826,'144p','2014-07-25 14:11:34','2021-03-21 14:09:00'),(128,12,283648,'1080p','2015-02-23 11:21:49','2021-03-21 14:11:52'),(129,22,358791,'720p','2019-04-07 13:56:04','2021-03-21 14:12:14'),(130,91,86668,'1080p','2016-10-26 22:08:40','2021-03-21 14:11:52'),(131,79,622818,'240p','2012-03-11 08:51:56','2021-03-21 14:09:52'),(132,92,64223,'144p','2021-03-08 03:08:42','2021-03-21 14:09:00'),(133,60,855699,'720p','2018-07-20 00:00:50','2021-03-21 14:12:14'),(134,79,348539,'144p','2015-01-24 06:43:07','2021-03-21 14:09:00'),(135,73,724447,'360p','2020-09-19 18:02:29','2021-03-21 14:10:34'),(136,40,201325,'720p','2019-07-26 16:45:43','2021-03-21 14:12:14'),(137,36,549927,'144p','2019-10-09 01:35:45','2021-03-21 14:09:00'),(138,43,438729,'720p','2012-07-22 02:08:03','2021-03-21 14:12:14'),(139,58,422734,'240p','2016-01-04 04:30:48','2021-03-21 14:09:52'),(140,96,933977,'480p','2020-12-21 09:43:53','2021-03-21 14:12:18'),(141,83,314693,'480p','2019-03-22 13:02:40','2021-03-21 14:12:18'),(142,53,771138,'480p','2019-06-30 19:24:08','2021-03-21 14:12:18'),(143,81,911210,'480p','2020-01-25 14:02:06','2021-03-21 14:12:18'),(144,80,245014,'240p','2020-02-26 15:06:33','2021-03-21 14:09:52'),(145,62,588871,'720p','2016-06-25 16:11:59','2021-03-21 14:12:14'),(146,87,591374,'360p','2016-12-01 04:37:37','2021-03-21 14:10:34'),(147,55,627366,'720p','2018-12-19 17:45:49','2021-03-21 14:12:14'),(148,74,242235,'480p','2012-09-22 00:25:47','2021-03-21 14:12:18'),(149,86,956668,'240p','2016-03-10 23:42:23','2021-03-21 14:09:52'),(150,100,477146,'480p','2015-01-30 22:32:17','2021-03-21 14:12:18'),(151,66,369417,'720p','2019-06-07 04:34:35','2021-03-21 14:12:14'),(152,26,783232,'360p','2012-03-09 00:05:46','2021-03-21 14:10:34'),(153,91,658627,'480p','2012-05-26 08:58:38','2021-03-21 14:12:18'),(154,3,861296,'480p','2013-09-01 10:00:38','2021-03-21 14:12:18'),(155,27,330198,'480p','2019-11-18 16:26:02','2021-03-21 14:12:18'),(156,82,964187,'720p','2015-05-10 18:02:36','2021-03-21 14:12:14'),(157,64,711886,'720p','2016-02-25 13:48:14','2021-03-21 14:12:14'),(158,27,48101,'240p','2019-02-28 03:25:53','2021-03-21 14:09:52'),(159,13,141738,'360p','2020-10-04 08:58:36','2021-03-21 14:10:34'),(160,50,703920,'144p','2012-10-21 05:41:33','2021-03-21 14:09:00'),(161,99,666071,'720p','2019-01-14 05:13:41','2021-03-21 14:12:14'),(162,24,572394,'1080p','2017-12-09 22:00:53','2021-03-21 14:11:52'),(163,50,358695,'360p','2019-09-18 15:15:46','2021-03-21 14:10:34'),(164,56,193895,'720p','2017-06-16 03:10:52','2021-03-21 14:12:14'),(165,82,370301,'240p','2011-04-14 16:12:51','2021-03-21 14:09:52'),(166,84,707003,'240p','2014-09-23 16:38:48','2021-03-21 14:09:52'),(167,89,66706,'480p','2011-12-26 11:30:29','2021-03-21 14:12:18'),(168,67,342534,'480p','2015-01-22 21:47:58','2021-03-21 14:12:18'),(169,5,970464,'720p','2016-09-10 01:32:32','2021-03-21 14:12:14'),(170,53,869716,'144p','2016-08-14 23:05:37','2021-03-21 14:09:00'),(171,9,236723,'144p','2014-03-15 10:47:21','2021-03-21 14:09:00'),(172,44,367959,'360p','2017-01-21 08:42:41','2021-03-21 14:10:34'),(173,66,269834,'720p','2016-07-21 17:52:46','2021-03-21 14:12:14'),(174,16,423911,'240p','2017-08-02 10:26:10','2021-03-21 14:09:52'),(175,52,436979,'720p','2016-07-20 19:41:59','2021-03-21 14:12:14'),(176,62,763413,'360p','2020-04-20 04:35:06','2021-03-21 14:10:34'),(177,62,512152,'480p','2016-06-16 10:08:47','2021-03-21 14:12:18'),(178,81,712887,'360p','2018-01-04 16:24:13','2021-03-21 14:10:34'),(179,17,273897,'360p','2018-01-31 03:33:47','2021-03-21 14:10:34'),(180,89,591965,'1080p','2012-02-12 06:46:35','2021-03-21 14:11:52'),(181,93,574369,'144p','2019-12-27 13:21:57','2021-03-21 14:09:00'),(182,75,230523,'360p','2015-04-13 21:27:11','2021-03-21 14:10:34'),(183,21,998349,'240p','2014-02-05 18:16:39','2021-03-21 14:09:52'),(184,36,532761,'480p','2017-01-09 08:51:37','2021-03-21 14:12:18'),(185,25,374595,'720p','2018-04-25 12:55:31','2021-03-21 14:12:14'),(186,96,126946,'480p','2018-02-23 16:38:08','2021-03-21 14:12:18'),(187,99,36051,'480p','2021-03-10 17:47:11','2021-03-21 14:12:18'),(188,42,799016,'480p','2014-03-21 10:05:42','2021-03-21 14:12:18'),(189,38,161574,'144p','2011-12-27 20:57:38','2021-03-21 14:09:00'),(190,22,330625,'360p','2016-01-14 13:09:44','2021-03-21 14:10:34'),(191,66,232646,'1080p','2011-09-16 19:54:15','2021-03-21 14:11:52'),(192,15,961255,'360p','2020-11-06 09:38:02','2021-03-21 14:10:34'),(193,48,561239,'720p','2015-09-16 12:15:37','2021-03-21 14:12:14'),(194,39,84665,'144p','2019-01-06 20:17:28','2021-03-21 14:09:00'),(195,7,681610,'720p','2014-04-09 18:25:11','2021-03-21 14:12:14'),(196,95,886528,'480p','2014-03-05 01:46:28','2021-03-21 14:12:18'),(197,100,814104,'360p','2016-10-26 07:25:53','2021-03-21 14:10:34'),(198,93,938502,'144p','2019-02-21 18:48:52','2021-03-21 14:09:00'),(199,47,438417,'144p','2017-03-09 07:28:01','2021-03-21 14:09:00'),(200,88,723534,'720p','2019-05-13 23:48:16','2021-03-21 14:12:14'),(201,84,186454,'360p','2013-10-17 05:54:09','2021-03-21 14:10:34'),(202,79,572040,'720p','2013-09-06 13:48:24','2021-03-21 14:12:14'),(203,47,489657,'360p','2012-07-28 04:39:14','2021-03-21 14:10:34'),(204,53,376480,'144p','2011-12-31 00:34:04','2021-03-21 14:09:00'),(205,21,35193,'480p','2020-03-18 16:47:26','2021-03-21 14:12:18'),(206,81,515981,'480p','2014-02-22 03:43:29','2021-03-21 14:12:18'),(207,44,567047,'144p','2014-06-17 08:40:39','2021-03-21 14:09:00'),(208,12,719809,'240p','2018-06-24 10:25:37','2021-03-21 14:09:52'),(209,13,705696,'144p','2012-04-11 15:20:10','2021-03-21 14:09:00'),(210,5,827241,'144p','2015-12-30 13:19:49','2021-03-21 14:09:00'),(211,87,603802,'240p','2017-04-10 02:39:46','2021-03-21 14:09:52'),(212,61,19019,'144p','2018-09-20 12:39:00','2021-03-21 14:09:00'),(213,37,473927,'480p','2016-08-25 12:12:28','2021-03-21 14:12:18'),(214,51,859382,'240p','2018-10-23 15:23:55','2021-03-21 14:09:52'),(215,8,821292,'480p','2012-12-23 10:07:30','2021-03-21 14:12:18'),(216,97,377336,'1080p','2017-12-29 13:00:30','2021-03-21 14:11:52'),(217,57,888626,'360p','2016-09-25 09:51:09','2021-03-21 14:10:34'),(218,94,178743,'1080p','2012-04-11 20:57:18','2021-03-21 14:11:52'),(219,50,613271,'144p','2017-03-27 15:08:28','2021-03-21 14:09:00'),(220,46,9198,'144p','2015-06-29 07:07:09','2021-03-21 14:09:00'),(221,94,485307,'240p','2013-02-12 00:46:28','2021-03-21 14:09:52'),(222,20,684278,'480p','2014-12-12 18:03:23','2021-03-21 14:12:18'),(223,77,688800,'720p','2016-11-29 16:00:17','2021-03-21 14:12:14'),(224,81,206079,'144p','2014-04-16 07:41:47','2021-03-21 14:09:00'),(225,9,973859,'360p','2019-08-25 22:34:35','2021-03-21 14:10:34'),(226,80,203117,'360p','2019-12-27 15:43:34','2021-03-21 14:10:34'),(227,25,751705,'1080p','2015-04-05 07:11:46','2021-03-21 14:11:52'),(228,13,957117,'480p','2020-11-24 14:53:08','2021-03-21 14:12:18'),(229,47,212298,'1080p','2015-07-28 14:07:48','2021-03-21 14:11:52'),(230,79,732352,'480p','2016-01-03 14:46:16','2021-03-21 14:12:18'),(231,1,93711,'360p','2021-01-29 21:08:11','2021-03-21 14:10:34'),(232,97,2699,'144p','2018-04-27 03:52:17','2021-03-21 14:09:00'),(233,89,395161,'144p','2018-03-24 11:22:38','2021-03-21 14:09:00'),(234,25,858902,'360p','2018-08-24 18:13:14','2021-03-21 14:10:34'),(235,34,848186,'240p','2020-05-16 20:42:37','2021-03-21 14:09:52'),(236,91,967606,'144p','2018-06-30 11:49:11','2021-03-21 14:09:00'),(237,8,784810,'240p','2015-04-14 03:18:44','2021-03-21 14:09:52'),(238,9,727078,'720p','2012-07-17 05:45:45','2021-03-21 14:12:14'),(239,36,796377,'1080p','2019-10-07 05:23:50','2021-03-21 14:11:52'),(240,96,568193,'720p','2016-03-25 08:57:41','2021-03-21 14:12:14'),(241,28,652450,'144p','2017-05-26 04:20:56','2021-03-21 14:09:00'),(242,88,658932,'720p','2015-06-23 13:12:50','2021-03-21 14:12:14'),(243,81,13077,'360p','2019-09-10 03:56:45','2021-03-21 14:10:34'),(244,32,790008,'480p','2013-10-03 13:34:37','2021-03-21 14:12:18'),(245,30,359332,'144p','2016-03-21 21:21:19','2021-03-21 14:09:00'),(246,18,752583,'480p','2011-10-13 07:50:02','2021-03-21 14:12:18'),(247,100,839212,'144p','2016-08-15 17:58:07','2021-03-21 14:09:00'),(248,23,379294,'240p','2013-01-26 18:20:11','2021-03-21 14:09:52'),(249,28,541841,'240p','2013-06-05 22:30:32','2021-03-21 14:09:52'),(250,9,392493,'480p','2018-11-29 20:33:55','2021-03-21 14:12:18'),(251,71,589283,'720p','2016-01-08 07:27:37','2021-03-21 14:12:14'),(252,1,704315,'480p','2013-07-03 00:20:06','2021-03-21 14:12:18'),(253,29,968816,'720p','2017-10-12 02:08:33','2021-03-21 14:12:14'),(254,88,117964,'144p','2011-05-14 08:08:39','2021-03-21 14:09:00'),(255,47,334989,'1080p','2020-10-04 18:53:29','2021-03-21 14:11:52'),(256,76,75433,'720p','2015-12-14 02:07:46','2021-03-21 14:12:14'),(257,90,488378,'360p','2017-06-13 02:41:02','2021-03-21 14:10:34'),(258,37,72085,'144p','2012-10-23 16:11:30','2021-03-21 14:09:00'),(259,6,469916,'720p','2015-02-26 16:49:58','2021-03-21 14:12:14'),(260,66,6431,'144p','2021-02-19 05:28:24','2021-03-21 14:09:00'),(261,68,571122,'240p','2015-08-11 23:41:23','2021-03-21 14:09:52'),(262,54,402363,'360p','2011-04-15 06:59:42','2021-03-21 14:10:34'),(263,41,815803,'144p','2012-07-17 15:54:54','2021-03-21 14:09:00'),(264,90,229886,'240p','2019-10-28 00:01:12','2021-03-21 14:09:52'),(265,96,122483,'720p','2011-10-11 05:24:25','2021-03-21 14:12:14'),(266,96,343699,'480p','2016-11-24 22:25:31','2021-03-21 14:12:18'),(267,82,59620,'144p','2020-05-15 18:58:00','2021-03-21 14:09:00'),(268,15,275816,'1080p','2015-10-26 04:32:18','2021-03-21 14:11:52'),(269,12,364114,'1080p','2011-04-19 19:30:48','2021-03-21 14:11:52'),(270,32,983122,'1080p','2017-01-04 22:48:03','2021-03-21 14:11:52'),(271,32,546379,'360p','2021-02-22 18:37:08','2021-03-21 14:10:34'),(272,41,813270,'1080p','2019-12-21 11:50:44','2021-03-21 14:11:52'),(273,62,106982,'1080p','2019-02-16 13:11:32','2021-03-21 14:11:52'),(274,96,605149,'480p','2020-03-04 12:20:21','2021-03-21 14:12:18'),(275,55,201868,'720p','2016-10-15 07:38:11','2021-03-21 14:12:14'),(276,14,435868,'240p','2020-01-08 17:36:02','2021-03-21 14:09:52'),(277,87,489481,'240p','2019-11-14 04:11:52','2021-03-21 14:09:52'),(278,84,85103,'1080p','2013-11-04 13:53:35','2021-03-21 14:11:52'),(279,13,524507,'360p','2016-07-13 23:42:13','2021-03-21 14:10:34'),(280,78,94569,'1080p','2015-02-19 16:08:27','2021-03-21 14:11:52'),(281,59,139602,'240p','2011-05-17 15:06:11','2021-03-21 14:09:52'),(282,5,641089,'720p','2011-11-11 04:18:54','2021-03-21 14:12:14'),(283,22,994248,'480p','2018-02-13 10:33:04','2021-03-21 14:12:18'),(284,81,155394,'480p','2013-01-13 21:07:49','2021-03-21 14:12:18'),(285,94,793825,'480p','2018-10-29 14:36:40','2021-03-21 14:12:18'),(286,28,983100,'360p','2015-08-22 13:55:58','2021-03-21 14:10:34'),(287,77,502543,'480p','2013-02-06 05:39:57','2021-03-21 14:12:18'),(288,15,130840,'480p','2018-08-16 23:03:42','2021-03-21 14:12:18'),(289,3,207538,'1080p','2019-03-21 16:46:17','2021-03-21 14:11:52'),(290,23,341680,'360p','2019-12-11 01:49:23','2021-03-21 14:10:34'),(291,69,229368,'240p','2018-01-12 02:13:44','2021-03-21 14:09:52'),(292,33,743981,'1080p','2018-03-21 00:13:46','2021-03-21 14:11:52'),(293,95,87291,'1080p','2021-02-21 15:52:33','2021-03-21 14:11:52'),(294,88,758801,'360p','2016-12-14 18:17:19','2021-03-21 14:10:34'),(295,83,146174,'480p','2014-03-28 21:18:45','2021-03-21 14:12:18'),(296,55,850594,'144p','2015-06-08 15:43:59','2021-03-21 14:09:00'),(297,39,599043,'720p','2020-11-22 11:21:14','2021-03-21 14:12:14'),(298,97,768664,'360p','2011-09-12 19:46:04','2021-03-21 14:10:34'),(299,23,194514,'1080p','2019-10-31 05:06:35','2021-03-21 14:11:52'),(300,78,74008,'144p','2014-01-04 07:02:14','2021-03-21 14:09:00');
/*!40000 ALTER TABLE `video_qualities` ENABLE KEYS */;
UNLOCK TABLES;

--
-- Table structure for table `video_subtitles`
--

DROP TABLE IF EXISTS `video_subtitles`;
/*!40101 SET @saved_cs_client     = @@character_set_client */;
/*!50503 SET character_set_client = utf8mb4 */;
CREATE TABLE `video_subtitles` (
  `id` int unsigned NOT NULL AUTO_INCREMENT,
  `video_profiles_id` int unsigned NOT NULL,
  `size` int NOT NULL,
  `subtitle` enum('NOT','ENG','RUS') CHARACTER SET utf8mb4 COLLATE utf8mb4_unicode_ci DEFAULT NULL,
  `created_at` datetime DEFAULT CURRENT_TIMESTAMP,
  `updated_at` datetime DEFAULT CURRENT_TIMESTAMP ON UPDATE CURRENT_TIMESTAMP,
  PRIMARY KEY (`id`),
  KEY `video_sub_video_prof_fk` (`video_profiles_id`),
  CONSTRAINT `video_sub_video_prof_fk` FOREIGN KEY (`video_profiles_id`) REFERENCES `video_profiles` (`video_posts_id`)
) ENGINE=InnoDB AUTO_INCREMENT=304 DEFAULT CHARSET=utf8mb4 COLLATE=utf8mb4_unicode_ci;
/*!40101 SET character_set_client = @saved_cs_client */;

--
-- Dumping data for table `video_subtitles`
--

LOCK TABLES `video_subtitles` WRITE;
/*!40000 ALTER TABLE `video_subtitles` DISABLE KEYS */;
INSERT INTO `video_subtitles` VALUES (4,36,584740,'ENG','2012-12-17 10:51:19','2021-03-21 14:05:59'),(5,90,438223,'RUS','2016-04-16 23:20:38','2021-03-21 14:05:59'),(6,66,804323555,'RUS','2012-11-29 16:29:06','2013-11-11 10:59:15'),(7,73,0,'NOT','2011-06-01 18:12:20','2021-03-21 14:07:39'),(8,90,0,'NOT','2020-03-18 13:27:45','2021-03-21 14:07:39'),(9,93,0,'NOT','2017-03-14 11:51:09','2021-03-21 14:07:39'),(10,95,758374,'ENG','2014-08-05 21:34:43','2021-03-21 14:05:59'),(11,79,56191898,'RUS','2015-05-19 22:33:24','2020-09-12 07:40:57'),(12,85,0,'NOT','2012-01-17 09:43:15','2021-03-21 14:07:39'),(13,38,0,'NOT','2016-04-29 15:15:23','2021-03-21 14:07:39'),(14,1,0,'NOT','2015-09-20 18:52:17','2021-03-21 14:07:39'),(15,78,317887,'RUS','2012-03-19 03:57:25','2021-03-21 14:05:59'),(16,44,148328,'ENG','2020-02-07 16:11:25','2021-03-21 14:05:59'),(17,100,4165,'ENG','2017-04-05 05:09:45','2019-02-20 16:51:06'),(18,90,31392,'RUS','2012-12-07 09:11:55','2015-06-14 06:58:37'),(19,68,42613,'ENG','2011-07-03 21:15:43','2012-11-18 22:46:10'),(20,83,777977,'ENG','2015-12-19 02:11:44','2021-03-21 14:05:59'),(21,92,0,'NOT','2021-02-15 23:51:48','2021-03-21 14:07:39'),(22,73,16954373,'RUS','2015-05-14 15:05:11','2021-03-21 13:49:40'),(23,4,84528,'ENG','2020-04-20 17:19:12','2021-03-21 13:49:40'),(24,86,0,'NOT','2015-12-26 19:43:11','2021-03-21 14:07:39'),(25,97,0,'NOT','2011-08-10 21:48:55','2021-03-21 14:07:39'),(26,80,830589,'ENG','2012-11-09 21:06:51','2021-03-21 14:05:59'),(27,90,616223692,'RUS','2018-08-05 14:34:03','2021-03-21 13:49:40'),(28,30,784086736,'ENG','2020-01-23 17:04:34','2021-03-21 13:49:40'),(29,48,696916,'ENG','2012-08-22 19:24:45','2013-07-05 04:59:28'),(30,32,838233,'RUS','2017-08-07 17:53:30','2021-03-21 14:05:59'),(31,53,911681118,'ENG','2013-12-22 09:55:55','2016-11-13 20:51:26'),(32,31,689400,'RUS','2019-01-13 22:02:12','2021-03-21 14:05:59'),(33,56,0,'NOT','2014-10-12 00:39:43','2021-03-21 14:07:39'),(34,66,88908077,'RUS','2020-10-01 15:45:14','2021-03-21 13:49:40'),(35,17,42019239,'RUS','2016-04-17 03:38:55','2021-03-21 13:49:40'),(36,18,49305,'ENG','2019-01-04 23:36:48','2021-03-21 13:49:40'),(37,77,0,'NOT','2014-04-09 05:13:30','2021-03-21 14:07:39'),(38,97,0,'NOT','2018-04-01 23:15:05','2021-03-21 14:07:39'),(39,61,533302,'ENG','2011-07-25 12:41:18','2021-03-21 14:05:59'),(40,78,2053543,'ENG','2018-03-17 10:01:33','2021-03-21 13:49:40'),(41,58,0,'NOT','2019-02-02 18:23:04','2021-03-21 14:07:39'),(42,32,730501033,'RUS','2019-10-25 22:41:39','2021-03-21 13:49:40'),(43,47,7628,'RUS','2012-04-03 16:37:58','2020-01-11 11:57:03'),(44,50,889609,'RUS','2012-11-08 12:56:43','2021-03-21 14:05:59'),(45,24,620531,'RUS','2015-02-04 20:01:12','2016-08-27 12:48:00'),(46,99,838142,'RUS','2016-07-23 15:01:33','2021-03-21 14:05:59'),(47,84,2013,'ENG','2013-01-25 14:35:31','2018-12-13 00:18:01'),(48,13,511883,'RUS','2013-07-01 23:20:40','2021-03-21 14:05:59'),(49,23,5274146,'RUS','2019-06-08 17:14:01','2021-03-21 13:49:40'),(50,89,0,'NOT','2017-11-13 18:46:47','2021-03-21 14:07:39'),(51,60,505308,'ENG','2015-11-06 12:35:33','2021-03-21 13:49:40'),(52,67,4542,'ENG','2014-10-07 06:51:49','2017-05-19 02:44:51'),(53,32,0,'NOT','2012-12-01 01:13:53','2021-03-21 14:07:39'),(54,28,34990,'ENG','2016-05-25 05:29:39','2021-03-21 14:05:59'),(55,2,629299,'ENG','2014-11-09 02:46:31','2021-03-21 14:05:59'),(56,33,480806277,'RUS','2019-10-28 21:09:53','2021-03-21 13:49:40'),(57,8,31527,'ENG','2018-01-28 16:06:24','2021-03-21 14:05:59'),(58,59,259737,'ENG','2016-05-08 04:40:15','2021-03-21 14:05:59'),(59,38,194104,'RUS','2015-03-24 20:52:18','2021-03-21 14:05:59'),(60,67,88857,'RUS','2016-12-01 23:21:06','2021-03-21 13:49:40'),(61,61,725113,'RUS','2011-03-21 23:30:19','2020-07-10 12:42:30'),(62,23,0,'NOT','2019-02-15 18:17:10','2021-03-21 14:07:39'),(63,14,0,'NOT','2012-05-17 01:20:03','2021-03-21 14:07:39'),(64,43,619296,'RUS','2017-05-30 07:16:33','2021-03-21 13:49:40'),(65,20,0,'NOT','2016-02-03 23:31:46','2021-03-21 14:07:39'),(66,99,314246,'ENG','2015-05-13 01:11:59','2021-03-21 14:05:59'),(67,29,33664,'RUS','2018-04-02 00:57:46','2021-03-21 13:49:40'),(68,52,955504332,'ENG','2012-12-30 06:43:16','2014-01-06 13:04:57'),(69,55,17294,'RUS','2020-04-18 18:53:03','2021-03-21 14:05:59'),(70,46,69084,'ENG','2017-02-28 13:42:33','2021-03-21 13:49:40'),(71,42,133732,'ENG','2019-02-03 12:14:35','2021-03-21 14:05:59'),(72,62,606779,'RUS','2016-03-26 09:44:35','2021-03-21 14:05:59'),(73,71,65320,'RUS','2020-11-22 02:13:50','2021-03-21 13:49:40'),(74,64,0,'NOT','2020-05-25 23:14:23','2021-03-21 14:07:39'),(75,66,0,'NOT','2019-02-02 06:12:49','2021-03-21 14:07:39'),(76,37,0,'NOT','2016-11-05 18:24:42','2021-03-21 14:07:39'),(77,93,283173,'ENG','2015-12-10 21:12:20','2021-03-21 14:05:59'),(78,45,0,'NOT','2011-10-22 22:23:58','2021-03-21 14:07:39'),(79,97,829269,'ENG','2011-08-20 04:10:20','2021-03-21 14:05:59'),(80,52,5873820,'ENG','2015-10-13 12:18:37','2017-09-15 15:54:48'),(81,30,47831447,'RUS','2014-06-13 22:32:20','2018-08-19 03:57:18'),(82,34,80385491,'ENG','2020-06-23 07:49:00','2021-03-21 13:49:40'),(83,11,0,'NOT','2012-03-26 06:36:41','2021-03-21 14:07:39'),(84,29,117554,'ENG','2016-06-05 00:15:01','2021-03-21 14:05:59'),(85,48,62403,'ENG','2015-09-07 07:04:15','2019-04-24 14:13:42'),(86,67,1532571,'RUS','2016-01-11 22:52:15','2021-03-21 13:49:40'),(87,78,0,'NOT','2020-09-17 15:45:05','2021-03-21 14:07:39'),(88,27,0,'NOT','2013-10-12 12:10:01','2021-03-21 14:07:39'),(89,83,793830454,'ENG','2017-03-02 07:55:48','2017-05-30 15:37:48'),(90,11,0,'NOT','2018-12-13 04:18:47','2021-03-21 14:07:39'),(91,73,0,'NOT','2014-11-02 15:53:40','2021-03-21 14:07:39'),(92,69,47571768,'RUS','2011-06-14 19:25:22','2012-02-24 17:32:28'),(93,81,0,'NOT','2012-06-29 20:10:47','2021-03-21 14:07:39'),(94,63,2612,'RUS','2019-07-31 18:15:21','2021-03-21 13:49:40'),(95,94,0,'NOT','2015-06-10 09:07:12','2021-03-21 14:07:39'),(96,49,0,'NOT','2011-08-31 20:52:42','2021-03-21 14:07:39'),(97,45,18579,'ENG','2015-08-31 17:40:56','2016-11-07 21:15:46'),(98,93,0,'NOT','2020-07-08 10:08:43','2021-03-21 14:07:39'),(99,56,0,'NOT','2013-03-30 05:01:53','2021-03-21 14:07:39'),(100,55,33375760,'ENG','2018-01-16 19:51:12','2021-03-21 13:49:40'),(101,34,89636,'RUS','2016-01-06 17:56:27','2021-03-21 13:49:40'),(102,33,774158,'RUS','2011-10-09 07:05:22','2021-03-21 14:05:59'),(103,100,0,'NOT','2014-01-10 00:25:05','2021-03-21 14:07:39'),(104,51,0,'NOT','2015-03-18 01:17:54','2021-03-21 14:07:39'),(105,14,64743,'ENG','2018-11-01 11:15:52','2021-03-21 13:49:40'),(106,34,640646996,'RUS','2021-03-16 02:22:34','2021-03-21 13:49:40'),(107,42,0,'NOT','2018-12-17 07:01:05','2021-03-21 14:07:39'),(108,55,766095,'RUS','2013-02-10 01:15:07','2021-03-21 14:05:59'),(109,35,1077083,'ENG','2013-02-07 17:22:10','2021-03-21 13:49:40'),(110,99,0,'NOT','2017-05-27 17:22:14','2021-03-21 14:07:39'),(111,17,497999,'RUS','2017-08-01 14:49:03','2021-03-21 14:05:59'),(112,16,181711,'ENG','2021-03-07 10:43:26','2021-03-21 14:05:59'),(113,96,0,'NOT','2020-04-08 14:08:53','2021-03-21 14:07:39'),(114,62,6027,'ENG','2020-12-24 19:33:28','2021-03-21 13:49:40'),(115,39,0,'NOT','2012-01-29 20:29:01','2021-03-21 14:07:39'),(116,68,0,'NOT','2017-06-04 05:25:57','2021-03-21 14:07:39'),(117,34,0,'NOT','2018-06-30 11:44:29','2021-03-21 14:07:39'),(118,13,628223811,'RUS','2018-12-12 05:01:59','2021-03-21 13:49:40'),(119,37,4544525,'RUS','2016-11-22 11:04:02','2018-04-08 19:36:20'),(120,26,160329,'ENG','2014-05-24 17:10:16','2021-03-21 14:05:59'),(121,20,0,'NOT','2017-04-28 03:29:13','2021-03-21 14:07:39'),(122,5,747219,'ENG','2019-03-29 04:47:20','2021-03-21 14:05:59'),(123,60,475181165,'ENG','2017-03-27 14:28:04','2019-05-19 06:35:15'),(124,6,0,'NOT','2019-09-14 04:16:05','2021-03-21 14:07:39'),(125,62,383174,'ENG','2014-11-10 13:16:24','2021-03-21 14:05:59'),(126,4,0,'NOT','2016-11-20 14:06:53','2021-03-21 14:07:39'),(127,32,0,'NOT','2017-07-11 23:53:16','2021-03-21 14:07:39'),(128,27,0,'NOT','2021-03-09 09:24:41','2021-03-21 14:07:39'),(129,79,0,'NOT','2019-06-24 16:00:01','2021-03-21 14:07:39'),(130,89,426326888,'ENG','2020-01-19 08:54:15','2021-03-21 13:49:40'),(131,41,5258,'ENG','2014-04-05 03:15:01','2021-03-21 13:49:40'),(132,5,358303,'ENG','2015-11-16 08:41:11','2016-02-22 14:59:51'),(133,93,165602,'RUS','2012-02-29 17:43:16','2012-10-12 04:49:47'),(134,25,530830,'ENG','2015-12-28 02:45:37','2021-03-21 14:05:59'),(135,71,752051030,'RUS','2012-07-09 05:16:27','2021-03-21 13:49:40'),(136,79,0,'NOT','2013-03-22 18:18:29','2021-03-21 14:07:39'),(137,82,63081895,'RUS','2020-05-24 04:39:10','2020-09-19 15:26:58'),(138,30,3837,'ENG','2017-05-13 20:49:56','2021-03-21 13:49:40'),(139,62,1317,'ENG','2020-08-04 05:53:51','2021-03-21 13:49:40'),(140,96,228868,'RUS','2013-09-05 14:27:14','2021-03-21 14:05:59'),(141,37,341423899,'ENG','2015-12-26 21:51:01','2017-02-17 12:18:50'),(142,35,541852,'ENG','2020-11-27 20:51:30','2021-03-21 14:05:59'),(143,55,0,'NOT','2016-07-29 13:08:15','2021-03-21 14:07:39'),(144,71,669311768,'RUS','2018-09-19 15:07:18','2021-03-21 13:49:40'),(145,81,0,'NOT','2013-12-09 19:11:58','2021-03-21 14:07:39'),(146,63,427730,'ENG','2014-10-12 10:33:29','2021-03-21 14:05:59'),(147,19,90679,'ENG','2016-06-04 14:43:43','2021-03-21 14:05:59'),(148,63,22865,'ENG','2019-10-27 00:06:47','2021-03-21 13:49:40'),(149,97,85999,'ENG','2011-08-16 06:07:14','2013-02-27 05:25:07'),(150,52,0,'NOT','2013-10-09 14:45:03','2021-03-21 14:07:39'),(151,18,160207,'RUS','2014-09-12 18:00:12','2021-03-21 14:05:59'),(152,41,0,'NOT','2014-01-30 23:48:35','2021-03-21 14:07:39'),(153,19,518998,'RUS','2011-09-21 12:03:57','2021-03-21 14:05:59'),(154,59,310385525,'RUS','2018-03-17 16:54:54','2021-03-21 13:49:40'),(155,21,104370,'RUS','2014-12-30 05:51:43','2021-03-21 14:05:59'),(156,39,804456,'ENG','2016-11-13 06:17:07','2021-03-21 13:49:40'),(157,6,0,'NOT','2019-12-03 15:39:44','2021-03-21 14:07:39'),(158,48,0,'NOT','2014-09-13 11:50:16','2021-03-21 14:07:39'),(159,18,28525169,'RUS','2014-01-15 15:39:51','2014-09-11 01:53:47'),(160,70,990631909,'RUS','2019-04-23 12:09:56','2019-08-31 11:39:21'),(161,48,1153175,'ENG','2015-06-29 14:40:05','2016-09-20 14:48:35'),(162,73,9082949,'ENG','2017-02-13 12:53:03','2021-03-21 13:49:40'),(163,3,798156,'RUS','2014-03-20 06:50:12','2018-11-16 12:03:08'),(164,59,0,'NOT','2018-10-23 12:11:34','2021-03-21 14:07:39'),(165,20,39967241,'RUS','2017-12-01 04:59:40','2021-03-21 13:49:40'),(166,91,391264,'RUS','2015-08-05 08:56:49','2021-03-21 13:49:40'),(167,65,0,'NOT','2017-10-21 17:12:14','2021-03-21 14:07:39'),(168,65,0,'NOT','2011-11-21 23:05:01','2021-03-21 14:07:39'),(169,90,0,'NOT','2016-08-29 21:19:20','2021-03-21 14:07:39'),(170,55,0,'NOT','2016-01-29 16:30:49','2021-03-21 14:07:39'),(171,47,3820,'RUS','2019-11-19 11:42:30','2021-03-21 13:49:40'),(172,92,50779803,'ENG','2014-02-20 07:55:49','2020-01-11 08:44:58'),(173,81,163348,'RUS','2014-10-26 19:06:39','2021-03-21 14:05:59'),(174,81,597926190,'ENG','2012-10-28 09:49:25','2018-12-26 16:09:38'),(175,72,125631,'RUS','2019-08-18 01:20:33','2021-03-21 14:05:59'),(176,64,9607811,'RUS','2014-03-07 23:07:56','2018-03-08 19:34:20'),(177,79,5127,'RUS','2015-11-28 23:03:26','2020-05-21 18:13:13'),(178,27,6898790,'RUS','2015-05-03 16:02:51','2021-03-21 13:49:40'),(179,89,0,'NOT','2011-06-15 13:06:50','2021-03-21 14:07:39'),(180,14,9134,'ENG','2017-12-01 18:55:58','2021-01-20 04:57:20'),(181,87,128111,'RUS','2014-07-26 19:46:59','2021-03-21 14:05:59'),(182,2,253663,'ENG','2014-02-11 23:03:32','2021-03-21 14:05:59'),(183,95,0,'NOT','2016-09-29 01:46:03','2021-03-21 14:07:39'),(184,12,0,'NOT','2012-11-25 02:02:25','2021-03-21 14:07:39'),(185,84,598916,'RUS','2020-03-02 18:14:46','2021-03-21 14:05:59'),(186,65,362638,'ENG','2019-02-18 19:16:02','2021-03-21 14:05:59'),(187,83,4470,'RUS','2013-02-01 12:30:52','2016-02-05 20:36:21'),(188,87,0,'NOT','2015-09-13 01:43:33','2021-03-21 14:07:39'),(189,10,448699,'ENG','2018-11-12 18:03:42','2020-05-23 15:44:03'),(190,44,0,'NOT','2019-01-02 02:43:25','2021-03-21 14:07:39'),(191,37,1006442,'ENG','2014-09-26 23:12:39','2021-03-21 14:05:59'),(192,8,0,'NOT','2014-11-26 23:20:53','2021-03-21 14:07:39'),(193,36,934296,'ENG','2015-12-19 18:52:42','2021-03-21 14:05:59'),(194,95,611551201,'ENG','2017-09-14 06:43:28','2021-03-21 13:49:40'),(195,14,0,'NOT','2017-08-03 03:01:53','2021-03-21 14:07:39'),(196,56,397885,'ENG','2018-10-14 08:34:32','2021-03-21 14:05:59'),(197,41,5807215,'RUS','2020-08-28 07:24:22','2021-03-21 13:49:40'),(198,6,34404,'ENG','2012-12-24 21:04:13','2016-02-04 03:48:42'),(199,74,1601871,'RUS','2017-07-29 23:32:26','2021-03-21 13:49:40'),(200,15,17454,'ENG','2015-07-31 09:50:47','2021-03-21 13:49:40'),(201,29,52961,'ENG','2018-11-15 12:13:45','2021-03-21 14:05:59'),(202,58,968472,'RUS','2015-10-24 05:04:30','2016-05-27 12:35:36'),(203,21,61150,'ENG','2012-03-03 18:21:13','2021-03-21 14:05:59'),(204,3,43432,'RUS','2017-07-26 22:26:23','2020-04-26 23:33:30'),(205,55,72867,'ENG','2012-10-15 07:28:29','2013-09-07 10:05:53'),(206,74,195213635,'ENG','2018-07-18 22:37:36','2021-03-21 13:49:40'),(207,58,136868,'ENG','2016-05-28 18:22:26','2021-03-21 14:05:59'),(208,38,0,'NOT','2016-02-05 09:23:13','2021-03-21 14:07:39'),(209,76,33857,'RUS','2019-12-13 17:06:21','2021-03-21 14:05:59'),(210,54,686607,'RUS','2012-11-06 09:47:27','2021-03-21 14:05:59'),(211,46,7846,'RUS','2015-07-17 13:06:37','2021-03-21 13:49:40'),(212,42,93961,'RUS','2017-08-05 09:05:14','2021-03-21 13:49:40'),(213,46,0,'NOT','2020-08-21 10:27:38','2021-03-21 14:07:39'),(214,48,0,'NOT','2018-06-28 12:52:20','2021-03-21 14:07:39'),(215,85,0,'NOT','2017-05-17 03:04:20','2021-03-21 14:07:39'),(216,88,6686559,'ENG','2018-01-13 15:52:50','2021-03-21 13:49:40'),(217,20,0,'NOT','2012-06-22 13:15:56','2021-03-21 14:07:39'),(218,68,0,'NOT','2018-07-24 01:36:41','2021-03-21 14:07:39'),(219,35,713116,'ENG','2012-04-09 23:30:28','2021-03-21 14:05:59'),(220,34,943078,'RUS','2011-07-21 12:48:19','2021-03-21 14:05:59'),(221,90,566039,'RUS','2021-01-24 13:56:04','2021-03-21 14:05:59'),(222,87,916569359,'ENG','2012-09-05 19:10:32','2020-06-15 17:13:45'),(223,3,0,'NOT','2020-06-11 00:11:04','2021-03-21 14:07:39'),(224,34,0,'NOT','2019-05-09 09:57:38','2021-03-21 14:07:39'),(225,84,0,'NOT','2015-09-01 16:48:38','2021-03-21 14:07:39'),(226,3,246706,'ENG','2020-05-14 11:50:21','2021-03-21 14:05:59'),(227,57,250638,'ENG','2013-02-05 14:37:40','2021-03-21 14:05:59'),(228,88,3311748,'ENG','2020-04-29 10:50:10','2021-03-21 13:49:40'),(229,59,0,'NOT','2016-07-02 15:12:31','2021-03-21 14:07:39'),(230,91,0,'NOT','2014-11-06 02:19:38','2021-03-21 14:07:39'),(231,43,0,'NOT','2016-06-30 14:20:33','2021-03-21 14:07:39'),(232,35,13258,'ENG','2021-01-01 03:35:13','2021-03-21 13:49:40'),(233,27,0,'NOT','2017-09-10 01:48:05','2021-03-21 14:07:39'),(234,71,503070,'RUS','2011-05-06 22:59:59','2021-03-21 14:05:59'),(235,6,949568,'ENG','2018-06-13 15:24:47','2021-03-21 13:49:40'),(236,3,0,'NOT','2011-08-31 23:21:55','2021-03-21 14:07:39'),(237,88,1483328,'RUS','2015-01-16 15:48:19','2017-01-14 00:48:44'),(238,16,753437,'ENG','2011-04-03 11:18:10','2021-03-21 14:05:59'),(239,11,247974,'ENG','2019-05-09 23:33:49','2021-03-21 14:05:59'),(240,16,969560,'ENG','2014-11-22 03:47:43','2021-03-21 14:05:59'),(241,8,0,'NOT','2020-10-11 15:59:32','2021-03-21 14:07:39'),(242,18,0,'NOT','2019-04-04 15:51:15','2021-03-21 14:07:39'),(243,3,0,'NOT','2014-07-06 11:37:55','2021-03-21 14:07:39'),(244,59,0,'NOT','2020-11-25 03:43:01','2021-03-21 14:07:39'),(245,85,583476,'ENG','2021-03-02 07:12:32','2021-03-21 13:49:40'),(246,70,4239,'ENG','2019-08-31 14:05:31','2021-03-21 13:49:40'),(247,95,0,'NOT','2013-06-14 19:21:33','2021-03-21 14:07:39'),(248,2,12115,'ENG','2020-10-18 00:44:13','2021-03-21 13:49:40'),(249,65,93878,'ENG','2013-11-02 03:58:54','2021-03-21 14:05:59'),(250,54,550709,'ENG','2017-06-13 03:58:19','2021-03-21 14:05:59'),(251,53,0,'NOT','2015-01-11 11:46:13','2021-03-21 14:07:39'),(252,80,647443,'ENG','2015-11-10 02:38:52','2021-03-21 14:05:59'),(253,30,27460325,'RUS','2011-12-24 16:53:32','2018-06-23 11:55:30'),(254,81,0,'NOT','2020-07-22 04:29:23','2021-03-21 14:07:39'),(255,41,841474,'RUS','2019-09-11 15:34:09','2021-03-21 14:05:59'),(256,16,0,'NOT','2019-01-04 21:32:37','2021-03-21 14:07:39'),(257,76,3100,'RUS','2020-03-29 11:52:56','2021-02-09 11:01:28'),(258,68,0,'NOT','2012-12-27 22:49:48','2021-03-21 14:07:39'),(259,25,7715581,'ENG','2020-03-19 10:22:04','2021-03-21 13:49:40'),(260,94,0,'NOT','2014-07-16 10:44:21','2021-03-21 14:07:39'),(261,23,740777,'RUS','2016-09-06 19:51:31','2021-03-21 14:05:59'),(262,98,0,'NOT','2017-05-06 22:09:51','2021-03-21 14:07:39'),(263,27,0,'NOT','2016-08-26 00:10:06','2021-03-21 14:07:39'),(264,59,0,'NOT','2016-08-11 04:48:25','2021-03-21 14:07:39'),(265,31,1975,'ENG','2017-09-30 12:36:16','2021-03-21 13:49:40'),(266,57,67593,'RUS','2020-07-20 21:30:52','2021-03-21 13:49:40'),(267,53,0,'NOT','2014-05-17 07:58:21','2021-03-21 14:07:39'),(268,23,42692664,'RUS','2016-06-08 12:12:25','2021-03-21 13:49:40'),(269,61,61755,'RUS','2019-08-31 09:47:08','2021-03-21 14:05:59'),(270,92,430071,'RUS','2019-06-15 07:21:17','2021-03-21 13:49:40'),(271,44,0,'NOT','2017-07-20 19:35:07','2021-03-21 14:07:39'),(272,3,0,'NOT','2019-08-10 12:30:53','2021-03-21 14:07:39'),(273,72,343665,'RUS','2012-09-17 12:56:45','2021-03-21 14:05:59'),(274,80,0,'NOT','2019-04-18 20:17:30','2021-03-21 14:07:39'),(275,40,0,'NOT','2018-02-27 23:16:33','2021-03-21 14:07:39'),(276,32,32039043,'ENG','2011-09-13 04:07:19','2016-06-12 00:00:51'),(277,67,9445525,'RUS','2014-10-10 04:51:27','2021-01-28 20:19:06'),(278,14,8811,'RUS','2011-10-03 21:55:56','2014-01-26 09:30:38'),(279,53,99404,'RUS','2020-09-03 14:51:18','2021-03-21 13:49:40'),(280,10,0,'NOT','2018-07-31 22:22:27','2021-03-21 14:07:39'),(281,28,92128,'RUS','2015-11-18 14:59:51','2018-10-31 10:01:54'),(282,73,804646,'ENG','2017-04-05 09:46:41','2021-03-21 14:05:59'),(283,59,305844,'ENG','2011-08-12 09:25:38','2021-03-21 14:05:59'),(284,92,105286,'ENG','2013-12-26 23:54:03','2021-03-21 14:05:59'),(285,77,94245,'RUS','2020-09-23 08:20:29','2021-03-21 13:49:40'),(286,82,67466288,'RUS','2013-06-16 02:40:35','2016-11-04 13:19:51'),(287,53,0,'NOT','2014-12-17 13:28:05','2021-03-21 14:07:39'),(288,6,0,'NOT','2018-02-24 02:09:03','2021-03-21 14:07:39'),(289,76,668624,'ENG','2020-02-15 00:05:03','2021-03-21 14:05:59'),(290,70,0,'NOT','2013-03-18 12:43:10','2021-03-21 14:07:39'),(291,31,45730851,'ENG','2016-03-01 01:22:31','2021-03-21 13:49:40'),(292,69,666285,'ENG','2018-12-31 11:50:37','2021-03-21 14:05:59'),(293,62,712134,'ENG','2014-02-12 13:59:50','2021-03-21 14:05:59'),(294,47,551813,'ENG','2019-09-09 23:35:19','2021-03-21 14:05:59'),(295,28,612663,'RUS','2015-01-04 06:38:15','2021-03-21 14:05:59'),(296,35,397879,'ENG','2014-12-06 07:45:31','2021-03-21 14:05:59'),(297,36,3909508,'RUS','2013-10-01 15:15:33','2015-05-30 15:26:08'),(298,31,141407,'ENG','2012-01-25 11:07:01','2021-03-21 14:05:59'),(299,98,0,'NOT','2017-11-08 23:34:49','2021-03-21 14:07:39'),(300,74,171683326,'ENG','2019-08-08 07:12:22','2021-03-21 13:49:40'),(301,24,7679,'RUS','2015-02-23 18:06:39','2018-09-19 15:09:10'),(302,84,9933,'ENG','2018-04-10 15:54:42','2018-08-16 08:38:01'),(303,8,2793226,'RUS','2020-05-12 18:32:51','2021-03-21 13:49:40');
/*!40000 ALTER TABLE `video_subtitles` ENABLE KEYS */;
UNLOCK TABLES;

--
-- Final view structure for view `channels_video_posts`
--

/*!50001 DROP VIEW IF EXISTS `channels_video_posts`*/;
/*!50001 SET @saved_cs_client          = @@character_set_client */;
/*!50001 SET @saved_cs_results         = @@character_set_results */;
/*!50001 SET @saved_col_connection     = @@collation_connection */;
/*!50001 SET character_set_client      = utf8mb4 */;
/*!50001 SET character_set_results     = utf8mb4 */;
/*!50001 SET collation_connection      = utf8mb4_0900_ai_ci */;
/*!50001 CREATE ALGORITHM=UNDEFINED */
/*!50013 DEFINER=`root`@`localhost` SQL SECURITY DEFINER */
/*!50001 VIEW `channels_video_posts` AS select `channels`.`name` AS `channel_name`,`video_posts`.`metadata` AS `json`,`video_subtitles`.`subtitle` AS `sub`,`video_qualities`.`quality` AS `qualities` from ((((`video_posts` join `channels` on((`channels`.`id` = `video_posts`.`channel_id`))) join `video_profiles` on((`video_profiles`.`video_posts_id` = `video_posts`.`id`))) join `video_subtitles` on((`video_subtitles`.`video_profiles_id` = `video_profiles`.`video_posts_id`))) join `video_qualities` on((`video_qualities`.`video_profiles_id` = `video_profiles`.`video_posts_id`))) */;
/*!50001 SET character_set_client      = @saved_cs_client */;
/*!50001 SET character_set_results     = @saved_cs_results */;
/*!50001 SET collation_connection      = @saved_col_connection */;

--
-- Final view structure for view `channels_video_posts_subtitles_quality`
--

/*!50001 DROP VIEW IF EXISTS `channels_video_posts_subtitles_quality`*/;
/*!50001 SET @saved_cs_client          = @@character_set_client */;
/*!50001 SET @saved_cs_results         = @@character_set_results */;
/*!50001 SET @saved_col_connection     = @@collation_connection */;
/*!50001 SET character_set_client      = utf8mb4 */;
/*!50001 SET character_set_results     = utf8mb4 */;
/*!50001 SET collation_connection      = utf8mb4_0900_ai_ci */;
/*!50001 CREATE ALGORITHM=UNDEFINED */
/*!50013 DEFINER=`root`@`localhost` SQL SECURITY DEFINER */
/*!50001 VIEW `channels_video_posts_subtitles_quality` AS select `channels`.`name` AS `channel_name`,`video_profiles`.`name` AS `link`,`video_subtitles`.`subtitle` AS `sub`,`video_qualities`.`quality` AS `qualities` from ((((`video_posts` join `channels` on((`channels`.`id` = `video_posts`.`channel_id`))) join `video_profiles` on((`video_profiles`.`video_posts_id` = `video_posts`.`id`))) join `video_subtitles` on((`video_subtitles`.`video_profiles_id` = `video_profiles`.`video_posts_id`))) join `video_qualities` on((`video_qualities`.`video_profiles_id` = `video_profiles`.`video_posts_id`))) */;
/*!50001 SET character_set_client      = @saved_cs_client */;
/*!50001 SET character_set_results     = @saved_cs_results */;
/*!50001 SET collation_connection      = @saved_col_connection */;

--
-- Final view structure for view `channels_video_posts_video_qualities_video_subtitles`
--

/*!50001 DROP VIEW IF EXISTS `channels_video_posts_video_qualities_video_subtitles`*/;
/*!50001 SET @saved_cs_client          = @@character_set_client */;
/*!50001 SET @saved_cs_results         = @@character_set_results */;
/*!50001 SET @saved_col_connection     = @@collation_connection */;
/*!50001 SET character_set_client      = utf8mb4 */;
/*!50001 SET character_set_results     = utf8mb4 */;
/*!50001 SET collation_connection      = utf8mb4_0900_ai_ci */;
/*!50001 CREATE ALGORITHM=UNDEFINED */
/*!50013 DEFINER=`root`@`localhost` SQL SECURITY DEFINER */
/*!50001 VIEW `channels_video_posts_video_qualities_video_subtitles` AS select `channels`.`name` AS `channel_name`,`video_posts`.`metadata` AS `json`,`video_profiles`.`name` AS `sign`,`video_subtitles`.`subtitle` AS `sub`,`video_qualities`.`quality` AS `qualities` from ((((`video_posts` join `channels` on((`channels`.`id` = `video_posts`.`user_id`))) join `video_profiles` on((`video_profiles`.`video_posts_id` = `video_posts`.`id`))) join `video_subtitles` on((`video_profiles`.`video_posts_id` = `video_subtitles`.`video_profiles_id`))) join `video_qualities` on((`video_profiles`.`video_posts_id` = `video_qualities`.`video_profiles_id`))) */;
/*!50001 SET character_set_client      = @saved_cs_client */;
/*!50001 SET character_set_results     = @saved_cs_results */;
/*!50001 SET collation_connection      = @saved_col_connection */;

--
-- Final view structure for view `users_video_posts`
--

/*!50001 DROP VIEW IF EXISTS `users_video_posts`*/;
/*!50001 SET @saved_cs_client          = @@character_set_client */;
/*!50001 SET @saved_cs_results         = @@character_set_results */;
/*!50001 SET @saved_col_connection     = @@collation_connection */;
/*!50001 SET character_set_client      = utf8mb4 */;
/*!50001 SET character_set_results     = utf8mb4 */;
/*!50001 SET collation_connection      = utf8mb4_0900_ai_ci */;
/*!50001 CREATE ALGORITHM=UNDEFINED */
/*!50013 DEFINER=`root`@`localhost` SQL SECURITY DEFINER */
/*!50001 VIEW `users_video_posts` AS select `users`.`first_name` AS `name`,`video_posts`.`head` AS `sign`,`video_posts`.`metadata` AS `json` from (`users` join `video_posts` on((`video_posts`.`user_id` = `users`.`id`))) */;
/*!50001 SET character_set_client      = @saved_cs_client */;
/*!50001 SET character_set_results     = @saved_cs_results */;
/*!50001 SET collation_connection      = @saved_col_connection */;
/*!40103 SET TIME_ZONE=@OLD_TIME_ZONE */;

/*!40101 SET SQL_MODE=@OLD_SQL_MODE */;
/*!40014 SET FOREIGN_KEY_CHECKS=@OLD_FOREIGN_KEY_CHECKS */;
/*!40014 SET UNIQUE_CHECKS=@OLD_UNIQUE_CHECKS */;
/*!40101 SET CHARACTER_SET_CLIENT=@OLD_CHARACTER_SET_CLIENT */;
/*!40101 SET CHARACTER_SET_RESULTS=@OLD_CHARACTER_SET_RESULTS */;
/*!40101 SET COLLATION_CONNECTION=@OLD_COLLATION_CONNECTION */;
/*!40111 SET SQL_NOTES=@OLD_SQL_NOTES */;

-- Dump completed on 2021-03-21 19:09:08
